id,domain,status,purchase_price,renewal_price,attractiveness,demand,length,registrar,created_at,expires_at,status_verified_at
0443b85d-2731-4e4e-b14b-9d720a007a5e,unowned.furniture,available,23.98,127.98,medium,low,7,namecheap,,,04/09/2026 22:16
bd8df49e-5879-4f8a-861b-38b2f083d29d,incapable.furniture,available,23.98,127.98,medium,low,9,namecheap,,,22/08/2026 00:49
bc4c2cd2-ca10-4ea9-ae97-8cb97afc606e,subjective.furniture,available,27.99,94.99,high,low,10,namesilo,,,25/09/2026 07:50
2a8eb193-7b3f-4e5d-b810-a1b0ba072b9f,wideband.furniture,available,23.98,127.98,high,low,8,namecheap,,,13/09/2026 11:50
d97105fb-3b67-4ac3-8583-c91dbb6786e2,worldling.furniture,available,23.98,127.98,medium,low,9,namecheap,,,11/09/2026 10:47
092953f3-fe1f-4f81-9c85-e323ef2fb302,affairs.furniture,available,27.99,94.99,high,low,7,namesilo,,,17/09/2026 14:09
deb285ea-b782-491e-bd28-243be854d3b0,melrose.furniture,available,20.9,82.76,medium,low,7,spaceship,,,28/09/2026 08:55
77c333c8-615a-4708-9c24-fd32bc748096,largo.furniture,available,23.98,127.98,medium,low,5,namecheap,,,22/08/2026 19:59
9bf4a048-4a22-4d91-845e-1f6379297e6e,flyaway.furniture,available,23.98,127.98,high,low,7,namecheap,,,18/08/2026 08:13
3f8e5c04-95be-45ae-a8eb-2cfd0b1507c7,sucker.furniture,available,27.99,94.99,high,low,6,namesilo,,,18/09/2026 08:56
23eadf10-4e5e-4e28-b6d0-65a5af267f36,alberti.furniture,available,27.99,94.99,high,low,7,namesilo,,,18/09/2026 02:45
91158b9e-f3bf-48eb-8510-a28f2ef7843d,anas.furniture,available,23.98,127.98,medium,low,4,namecheap,,,19/09/2026 02:30
8fd458cc-ccbb-40af-990c-dab0a99a8b2f,moynihan.furniture,available,21.59,85.01,medium,low,8,dynadot,,,29/09/2026 18:33
febffbba-4a4f-451c-8a6f-c4ad3c0d58db,leslie.furniture,available,27.99,94.99,medium,low,6,namesilo,,,25/09/2026 14:15
c57b930f-dba3-4be1-a8fd-9e4ee5fff47b,misdemeanor.furniture,available,27.99,94.99,high,low,11,namesilo,,,30/09/2026 03:29
a245a7bc-6edf-43cb-8058-230dca5d55f5,lucid.furniture,available,23.98,127.98,high,medium,5,namecheap,,,13/08/2026 09:42
3945d074-f449-4fef-b9ba-a77d37ac794d,ephesian.furniture,available,23.98,127.98,medium,low,8,namecheap,,,17/08/2026 10:24
11430e84-cdb8-4473-81cb-7cf72bff54db,favourite.furniture,available,39.99,151.99,high,low,9,name.com,,,13/08/2026 18:17
7926aef4-b37a-461d-b443-254739837ac2,scots.furniture,available,23.98,127.98,high,low,5,namecheap,,,09/09/2026 23:33
e34bebe9-ad2a-46af-8691-b146b493f1e4,jitney.furniture,available,27.99,94.99,medium,low,6,namesilo,,,21/09/2026 05:56
50c0408a-b1dc-4f3e-80a2-43f075478581,backlog.furniture,available,27.99,94.99,high,low,7,namesilo,,,21/09/2026 15:41
45e6a67f-443c-44fd-a1f0-99bd30c581d5,inactive.furniture,available,23.98,127.98,medium,low,8,namecheap,,,22/08/2026 00:11
187732b1-27b9-456a-95d2-a3931aea54b8,religions.furniture,available,21.11,82.9,medium,low,9,porkbun,,,30/09/2026 15:01
5990c32b-3ca7-4dc2-840c-7cc79398bd63,alcohols.furniture,available,23.98,127.98,medium,low,8,namecheap,,,20/09/2026 18:31
df582d35-c274-4218-812b-06cd2e8cbe16,obstruction.furniture,available,20.9,82.76,medium,low,11,spaceship,,,28/09/2026 17:02
15d031f4-6ba6-407e-98c3-28572457029c,monopoly.furniture,available,23.98,127.98,high,low,8,namecheap,,,30/09/2026 05:10
70eb6c91-bb5a-4a3a-ae8f-6dd4bc95f3bb,scam.furniture,available,23.98,127.98,high,low,4,namecheap,,,14/09/2026 08:03
5492a23a-28d5-4eab-9a00-f9ae986bf09a,men.furniture,available,20.9,82.76,high,low,3,spaceship,,,30/09/2026 03:48
3e259c90-edfa-4276-853f-975dd9c362ad,wherever.furniture,available,23.98,127.98,medium,low,8,namecheap,,,16/09/2026 11:29
5d5cacee-dfe2-4d06-b01d-ddbaa01703fa,mimicry.furniture,available,27.99,94.99,medium,low,7,namesilo,,,19/09/2026 16:43
900c5b57-f3bc-4c08-8bef-da3450184187,resemble.furniture,available,26.5,,high,low,8,unstoppable,,,28/09/2026 20:53
d5c3aa46-50d8-4010-bde0-bf1eafb05ca1,soil.furniture,available,27.99,94.99,high,low,4,namesilo,,,28/09/2026 09:00
0c624421-0f89-432e-b586-b5a89cb9985e,homage.furniture,available,80.2,80.2,high,low,6,cloudflare,,,30/09/2026 01:53
0f71d09c-c7b5-4be2-9cee-d1b612fe5936,macpherson.furniture,available,27.99,94.99,medium,low,10,namesilo,,,28/09/2026 22:18
f3c39e1a-a54d-48e1-80dd-0a8599537af5,foregone.furniture,available,23.98,127.98,medium,low,8,namecheap,,,11/08/2026 12:10
199e09ef-bb8a-4bb6-bb92-66925abb7098,grandmothers.furniture,available,23.98,127.98,medium,low,12,namecheap,,,20/09/2026 18:06
a2336ed7-a241-4109-8509-fe631ba661f9,cope.furniture,available,23.98,127.98,high,low,4,namecheap,,,24/09/2026 18:08
b37feb14-f151-4fb4-acc7-3713028f6bbc,thugs.furniture,available,21.59,85.01,low,low,5,dynadot,,,30/09/2026 15:25
0456c1f9-a41c-4d22-a2e2-80b66935cb54,roadside.furniture,available,20.9,82.76,high,low,8,spaceship,,,29/09/2026 13:53
822b62be-03a4-4f3f-9ead-db1ef358bd02,tunnel.furniture,available,27.99,94.99,high,low,6,namesilo,,,25/09/2026 03:48
a41b08b3-2ea9-4f5a-a715-f1334f0567d4,shrunk.furniture,available,20.9,82.76,medium,low,6,spaceship,,,01/10/2026 04:31
cb39a8a9-369e-43b7-b29b-b1b7df9e18c9,rudderless.furniture,available,23.98,127.98,medium,low,10,namecheap,,,
b1a96b6d-e7fa-4ae6-a290-b013aaf19050,gush.furniture,available,23.98,127.98,high,low,4,namecheap,,,22/08/2026 13:07
8efb8d37-5937-4d35-831b-71ecfe5e8398,confessed.furniture,available,20.9,82.76,medium,low,9,spaceship,,,28/09/2026 04:56
7bb29830-f4f2-4d25-9910-85a424587260,withhold.furniture,available,23.98,127.98,high,low,8,namecheap,,,30/09/2026 19:13
f8d5dc46-87e4-4f62-b8dd-68c5dc2f3988,data.furniture,available,20.9,82.76,high,medium,4,spaceship,,,30/09/2026 09:07
7f6280cf-3aa5-4bac-9623-64bc1f96908f,cxv.furniture,available,23.98,127.98,high,low,3,namecheap,,,
297d0950-765a-40c3-ba7f-ea8a463a044f,boot.furniture,available,80.2,80.2,high,low,4,cloudflare,,,29/09/2026 03:39
f4dbb1ec-8bfd-4e89-87b9-b2f669467a6e,luke.furniture,available,27.99,94.99,high,low,4,namesilo,,,25/09/2026 06:37
a178a01c-8f87-4bc8-a55d-3d903ea10a06,cryogenic.furniture,available,23.98,127.98,medium,low,9,namecheap,,,13/08/2026 09:35
823d19c5-0fb3-496b-b41d-13e66e8de212,wasted.furniture,available,27.99,94.99,medium,low,6,namesilo,,,22/09/2026 11:10
2a69cf1d-4504-48de-9d11-fb63eef76453,dependant.furniture,available,23.98,127.98,medium,low,9,namecheap,,,14/08/2026 02:08
ff8c7ed6-02c0-4385-9af3-026c5508e74e,pike.furniture,available,20.9,82.76,high,low,4,spaceship,,,28/09/2026 14:07
cf3d1230-ea18-4974-b3e3-525beb3eb0c7,pen.furniture,available,27.99,94.99,high,low,3,namesilo,,,27/09/2026 03:22
00a82312-7cdd-4f7c-aae4-9b6e839401f0,uses.furniture,available,27.99,94.99,high,low,4,namesilo,,,25/09/2026 13:12
24bbe033-4018-45dc-9798-d0dab0e1c21c,demoralize.furniture,available,23.98,127.98,medium,low,10,namecheap,,,13/08/2026 02:16
29248a20-cbc5-4291-9fcc-c3b8312d1dbc,dynamite.furniture,available,27.99,94.99,high,low,8,namesilo,,,25/09/2026 22:28
50f9459c-97d5-486f-996e-0c3b6b93ebcd,ferocious.furniture,available,23.98,127.98,medium,low,9,namecheap,,,18/08/2026 02:05
1e13f4ca-177f-4b88-8a56-633523195b16,ala.furniture,available,26.5,,high,low,3,unstoppable,,,28/09/2026 19:57
c91aa531-8f7f-4ca1-a273-2af2a9182153,confiscated.furniture,available,27.99,94.99,low,low,11,namesilo,,,29/09/2026 11:03
3221fa0e-ff5c-4ae3-8762-53011fc100c9,bulls.furniture,available,26.5,,high,low,5,unstoppable,,,28/09/2026 07:33
251d2e12-fa84-4de5-ba63-78192c687990,bleeder.furniture,available,27.99,94.99,medium,low,7,namesilo,,,24/09/2026 05:24
27f246f9-63be-4b2a-897b-493ee01fdb30,crease.furniture,available,23.98,127.98,high,low,6,namecheap,,,13/08/2026 07:14
ec2ebcd9-b8d1-4912-870f-9a97ee1df138,healthcare.furniture,available,26.5,85.01,high,low,10,unstoppable,,,30/09/2026 06:01
afd88130-020b-4afd-9958-b6d3244ff21c,yum.furniture,available,177.99,177.99,high,low,3,godaddy,,,01/10/2026 01:03
125bac2a-0ba9-4368-ab69-237a2555384e,waving.furniture,available,27.99,94.99,high,low,6,namesilo,,,28/09/2026 15:32
ddf0c442-8264-4b6f-9486-992fac929776,plentitude.furniture,available,23.98,127.98,medium,low,10,namecheap,,,15/09/2026 20:35
85688880-e2d1-4c58-a0fe-94630c0b9ed1,sisyphean.furniture,available,23.98,127.98,medium,low,9,namecheap,,,10/09/2026 08:58
81312e75-70fb-40d9-82fe-f72859b99216,presenter.furniture,available,39.99,151.99,high,low,9,name.com,,,23/09/2026 10:46
6a37adc1-51f5-4a47-81db-c0fb835230d6,alright.furniture,available,27.99,94.99,high,low,7,namesilo,,,22/09/2026 01:15
49876ec7-e0c2-47f7-b11d-60eea2d31433,hebron.furniture,available,20.9,82.76,medium,low,6,spaceship,,,28/09/2026 16:34
f91efdcb-64e9-4fb2-9ed7-30465e915cbe,slayer.furniture,available,177.99,177.99,high,low,6,godaddy,,,30/09/2026 02:06
ef274549-6e90-419b-bff1-3556d4729850,campaigning.furniture,available,39.99,,high,low,11,name.com,,,
842c3ed6-5f13-4495-a126-423df88ecff3,ufa.furniture,available,20.9,82.76,high,low,3,spaceship,,,30/09/2026 19:03
23afb174-cb67-4e09-a055-7a266ea3ad59,hull.furniture,available,23.98,127.98,high,low,4,namecheap,,,28/09/2026 01:42
31d34c9e-1033-4f5e-86bf-6e1feef703ca,parking.furniture,available,23.98,127.98,high,low,7,namecheap,,,25/09/2026 23:56
9ba22a9a-0208-416b-806c-3c21bd009a27,koestler.furniture,available,27.99,94.99,medium,low,8,namesilo,,,20/09/2026 10:57
24d27597-31e5-4723-ac29-f5ab6b9c847b,tahoe.furniture,available,39.99,,high,low,5,name.com,,,
9ec281d3-b417-495c-a394-2e8bc8a2845c,laborious.furniture,available,23.98,127.98,medium,low,9,namecheap,,,06/08/2026 17:00
c56e0c18-afe1-41c7-867c-c72bbe71717c,movingly.furniture,available,23.98,127.98,medium,low,8,namecheap,,,15/09/2026 15:35
c69fe7cc-1a80-4083-a841-89964d8fd38e,beeline.furniture,available,27.99,94.99,high,low,7,namesilo,,,23/09/2026 01:18
659719a1-b2dd-4dcf-9d88-337937695752,suggestion.furniture,available,23.98,127.98,high,low,10,namecheap,,,25/09/2026 07:41
4feee839-3a67-42af-89ff-eca1d5c49b47,seville.furniture,available,21.11,82.9,medium,low,7,porkbun,,,30/09/2026 18:37
36cbc75b-66c8-44ba-b187-ff1c81229566,interlaced.furniture,available,23.98,127.98,medium,low,10,namecheap,,,22/08/2026 08:04
656dbfe8-2d1f-43f5-b6c2-5ef920fc3e68,mockingly.furniture,available,23.98,127.98,medium,low,9,namecheap,,,14/09/2026 12:02
b414eefd-2f14-42bd-8d74-e556034c1a40,overheated.furniture,available,23.98,127.98,medium,low,10,namecheap,,,04/09/2026 20:47
41f542d7-1627-4aff-96cb-7d05f6e0b08b,tortrix.furniture,available,27.99,94.99,medium,low,7,namesilo,,,20/09/2026 05:04
8907235c-0df9-4561-b08a-9126b17be071,landfill.furniture,available,20.9,82.76,high,low,8,spaceship,,,29/09/2026 07:27
ddfc0cfc-fe28-46fa-82c5-04445d2358e4,meeter.furniture,available,27.99,94.99,medium,low,6,namesilo,,,21/09/2026 01:27
d89c95e9-f815-4d3d-b65f-da8700219ad9,tokens.furniture,available,27.99,94.99,high,medium,6,namesilo,,,19/09/2026 22:34
0fc5b866-ca3d-4afc-b6a2-2f682a5d0cde,boxing.furniture,available,21.59,85.01,high,low,6,dynadot,,,29/09/2026 03:51
68d677f0-d8b4-4e43-8989-46f6ffb36b84,bowl.furniture,available,27.99,94.99,high,low,4,namesilo,,,24/09/2026 07:38
873809e6-23c4-4cff-bd58-299df6755faa,dordrecht.furniture,available,20.9,82.76,medium,low,9,spaceship,,,30/09/2026 05:32
f1f61deb-0e85-4514-9fb7-bd8df3b12185,horary.furniture,available,23.98,127.98,medium,low,6,namecheap,,,21/08/2026 13:58
a5ac50be-1e10-486f-ba08-9ec82309b95f,crowns.furniture,available,27.99,94.99,medium,low,6,namesilo,,,18/09/2026 06:26
fab06f35-67fb-4a95-940d-43a9582d1704,rican.furniture,available,23.98,127.98,high,low,5,namecheap,,,25/09/2026 13:13
823d138e-6d6c-464d-b841-d6af4b6a1748,awning.furniture,available,27.99,94.99,high,low,6,namesilo,,,21/09/2026 10:12
bbda8689-5eb4-49dc-897e-189652b0f80c,steal.furniture,available,20.9,82.76,medium,low,5,spaceship,,,29/09/2026 05:35
05b4b3ca-d9f2-4597-aa47-2c9ff67d9dd6,unlaced.furniture,available,23.98,127.98,medium,low,7,namecheap,,,12/09/2026 14:37
4aeaea2f-5607-4ad9-af16-a4555851cea5,balaton.furniture,available,23.98,127.98,medium,low,7,namecheap,,,21/09/2026 21:18
dc5ee741-6216-4451-8e8e-d4bd67bccede,doorway.furniture,available,26.5,,high,low,7,unstoppable,,,28/09/2026 18:58
8dc84bc6-5f5d-4d9f-b9ff-77a609d236e6,polygon.furniture,available,20.9,82.76,high,low,7,spaceship,,,30/09/2026 07:11
36a2e54c-72f0-4405-b57a-7dc5ef398354,wagner.furniture,available,80.2,80.2,high,medium,6,cloudflare,,,28/09/2026 20:05
c8164412-1414-4ef0-aed8-e541efd75d74,withdrawing.furniture,available,20.9,82.76,medium,low,11,spaceship,,,29/09/2026 21:24
99a5accd-b217-4ef8-a7d6-99f913d83d44,toothsome.furniture,available,23.98,127.98,medium,low,9,namecheap,,,14/08/2026 00:24
510c975c-ce89-49bf-a9e4-fb5c8a6e30e1,heterodox.furniture,available,23.98,127.98,medium,low,9,namecheap,,,14/08/2026 12:37
57afba80-cf73-4a91-ad0c-bd0002ebd4bd,barnyard.furniture,available,27.99,94.99,high,low,8,namesilo,,,22/09/2026 06:58
f8ae3b8b-f90f-4dc4-9395-bed002da9822,stats.furniture,available,23.98,127.98,high,medium,5,namecheap,,,29/09/2026 23:10
73cacc07-945b-4282-8f5d-6da03d4d6768,sulfurized.furniture,available,23.98,127.98,medium,low,10,namecheap,,,11/09/2026 01:25
4585940a-c459-4565-8aff-dc0969f44b6f,romance.furniture,available,21.59,85.01,high,low,7,dynadot,,,27/09/2026 15:59
5005d1b9-181c-4808-bef4-90ad00359870,loyalty.furniture,available,39.99,151.99,high,low,7,name.com,,,18/09/2026 10:32
df9e2fdc-1b37-49a7-bb89-7ad98666c3e7,fuentes.furniture,available,21.59,85.01,medium,low,7,dynadot,,,29/09/2026 11:52
418ec5e7-0883-4948-b5c9-c5a71e7144f4,coexistent.furniture,available,23.98,127.98,medium,low,10,namecheap,,,12/08/2026 15:30
c40aacf5-be73-4e3d-b99b-3c9738dd3b59,allergist.furniture,available,80.2,80.2,medium,low,9,cloudflare,,,28/09/2026 20:30
054ea470-639c-4a5b-9229-ab4521ac7776,disjunct.furniture,available,23.98,127.98,medium,low,8,namecheap,,,14/08/2026 11:25
b46c72c0-492a-4bbb-9938-e946a5b70b7a,defaults.furniture,available,27.99,94.99,low,low,8,namesilo,,,21/09/2026 07:23
80a12846-7613-4638-9ec0-73379ddd26e0,berne.furniture,available,23.98,127.98,medium,low,5,namecheap,,,23/09/2026 09:45
df45c7f4-bcf1-4e90-af76-acb5aac5c73d,icily.furniture,available,23.98,127.98,low,low,5,namecheap,,,15/09/2026 01:36
a798a5c8-4cfb-4d57-b120-e5b7bf6ddc96,mutations.furniture,available,20.9,82.76,medium,low,9,spaceship,,,30/09/2026 16:14
4bcd86d7-0398-40bc-8cda-626894dfe677,autarchy.furniture,available,27.99,94.99,medium,low,8,namesilo,,,21/09/2026 05:05
cb3496f1-8712-4932-833d-96af16cafd60,inwardly.furniture,available,23.98,127.98,medium,low,8,namecheap,,,15/09/2026 09:18
0426c76e-a578-4d0e-ab63-065e2e1c93a2,jacobs.furniture,available,80.2,80.2,high,low,6,cloudflare,,,28/09/2026 20:14
f1fab644-b063-45a3-af12-aa150934717e,surly.furniture,available,23.98,127.98,medium,low,5,namecheap,,,11/09/2026 04:06
10138aa0-8c4f-4e64-8629-58e16d8ba270,malformed.furniture,available,23.98,127.98,medium,low,9,namecheap,,,13/08/2026 23:43
0c879642-9d46-4a2e-8216-b7913d4357e9,skirts.furniture,available,21.11,82.9,medium,low,6,porkbun,,,29/09/2026 11:11
080138dd-6ad5-4fa4-baed-9f2f5ef6a92e,monochrome.furniture,available,23.98,127.98,high,low,10,namecheap,,,25/08/2026 04:59
d4e92fb9-d73e-45d6-b612-42ba3dc72f68,switching.furniture,available,21.59,85.01,high,low,9,dynadot,,,28/09/2026 06:49
534d86ca-6362-415a-927e-58bd991351bf,paintable.furniture,available,23.98,127.98,high,low,9,namecheap,,,04/09/2026 23:06
9c87c036-e0c7-4ec7-82cd-7cc9313cc878,condolences.furniture,available,39.99,,medium,low,11,name.com,,,
e79e0f08-876b-45b9-b1d7-76bc455b4086,horseshoe.furniture,available,20.9,82.76,high,low,9,spaceship,,,29/09/2026 19:10
009e70eb-3d50-4422-866b-f000a8c1a584,alexia.furniture,available,23.98,127.98,medium,low,6,namecheap,,,18/09/2026 06:04
a64ef054-c513-438d-a86e-a632a4a7bcbd,aloes.furniture,available,27.99,94.99,medium,low,5,namesilo,,,18/09/2026 13:07
9dab2b82-4b81-45bb-a64e-bd5302f4cc18,crop.furniture,available,23.98,127.98,high,low,4,namecheap,,,24/09/2026 19:07
040d8736-12d7-41c6-b989-940f35a2c419,jude.furniture,available,21.59,85.01,high,low,4,dynadot,,,29/09/2026 18:47
af68e928-21d6-4bfd-8f5d-0c685fd95fc0,batis.furniture,available,27.99,94.99,medium,low,5,namesilo,,,22/09/2026 14:03
39f79e37-2dbc-4660-b2cb-3024061c438f,smelly.furniture,available,23.98,127.98,medium,low,6,namecheap,,,18/08/2026 02:31
dc65d23f-d23a-46f8-b993-d01cc3f6b027,atrazine.furniture,available,27.99,94.99,medium,low,8,namesilo,,,21/09/2026 00:37
c6349df3-01dd-49fe-b3eb-d15dc05f4102,blog.furniture,available,80.2,80.2,high,medium,4,cloudflare,,,29/09/2026 17:59
863e04b9-23ae-4fb5-b313-61d2a70639d9,last.furniture,available,20.9,82.76,high,low,4,spaceship,,,30/09/2026 14:49
12bc5c77-1fa4-43b2-a3bb-ba7e979f07be,installment.furniture,available,80.2,80.2,high,low,11,cloudflare,,,30/09/2026 19:52
d7609726-7ff6-40b5-881f-fa77f7bc3959,hindoo.furniture,available,23.98,127.98,medium,low,6,namecheap,,,21/08/2026 09:33
f2acd82b-cd20-4bc3-a521-8ed4605521a1,diluted.furniture,available,23.98,127.98,medium,low,7,namecheap,,,14/08/2026 07:45
417873eb-54b9-47ec-a833-c39fb66f9097,basilica.furniture,available,23.98,127.98,medium,low,8,namecheap,,,22/09/2026 10:49
5e5b416f-1d20-449c-8725-07dbbd6bf259,invading.furniture,available,23.98,127.98,medium,low,8,namecheap,,,22/08/2026 02:12
07d6256d-3efb-4882-98bc-04587e39d8d4,jaw.furniture,available,27.99,94.99,high,low,3,namesilo,,,27/09/2026 03:31
d95645c9-425e-4196-a9f3-5b298ce8ca52,polyhedral.furniture,available,23.98,127.98,medium,low,10,namecheap,,,08/09/2026 23:24
2832ee8a-96e4-45d3-97d0-229ab7129887,inner.furniture,available,23.98,127.98,high,low,5,namecheap,,,22/08/2026 05:54
5430b6d0-8b06-4143-8458-abde9d8d4b8e,nervy.furniture,available,23.98,127.98,medium,low,5,namecheap,,,11/08/2026 02:28
00d29a9b-f8b5-4492-9c72-8aa2379746bf,leger.furniture,available,27.99,94.99,medium,low,5,namesilo,,,16/09/2026 23:07
cee25575-ed6c-4b1a-8490-23b059c3a19c,digital.furniture,resell,,,high,medium,7,"Sav.com, LLC",11/02/2026 17:01,11/02/2027 17:01,28/09/2026 15:01
b7c23658-c45d-4c61-96ae-12ac50f5f705,canceled.furniture,available,27.99,94.99,medium,low,8,namesilo,,,27/09/2026 22:41
635befa8-69aa-48f9-af3d-87ab67969c0e,admissible.furniture,available,23.98,127.98,high,low,10,namecheap,,,
859f79db-9ce4-4e0f-823b-d31a25851f49,pointless.furniture,available,23.98,127.98,medium,low,9,namecheap,,,26/09/2026 03:12
8f2f1cfb-e0d8-416a-aea4-c4801a7292d4,both.furniture,available,27.99,94.99,high,low,4,namesilo,,,30/09/2026 22:10
d9101c4f-19ec-4ec7-b12c-cb9477c74e81,noc.furniture,available,21.11,82.9,high,low,3,porkbun,,,01/10/2026 03:06
a2a7b8bc-9e0d-401f-b7c4-75881bf8f2fb,baguette.furniture,available,27.99,94.99,high,low,8,namesilo,,,29/09/2026 00:33
6f680bce-5343-4675-a46c-cfab29868956,grinning.furniture,available,27.99,94.99,high,low,8,namesilo,,,27/09/2026 23:14
907c8bc5-df28-476f-955b-f0a9fcb02ae8,thrilled.furniture,available,23.98,127.98,high,low,8,namecheap,,,11/09/2026 14:36
f4b98a4f-4a74-42b2-a122-2275f924b84b,isabel.furniture,available,27.99,94.99,high,low,6,namesilo,,,28/09/2026 16:24
822164bf-b280-43de-8668-72606a9f1c9a,rostrum.furniture,available,27.99,94.99,medium,low,7,namesilo,,,18/09/2026 17:15
1bd56be6-17f2-4002-b8c4-0c8c4b6e8c5c,plumber.furniture,available,20.9,82.76,high,low,7,spaceship,,,29/09/2026 20:00
64f9edea-29ff-449b-afe5-a02f22adc03e,decades.furniture,available,27.99,94.99,low,low,7,namesilo,,,28/09/2026 13:15
f6b16d2f-0553-4030-bb1a-74557626a1fe,filling.furniture,available,27.99,94.99,high,low,7,namesilo,,,25/09/2026 22:48
303953c1-7190-43f1-b594-267f2d0da7e1,lunchboxes.furniture,available,27.99,94.99,medium,low,10,namesilo,,,21/09/2026 09:13
463321a6-56c5-443c-9295-4214942e93bc,memorably.furniture,available,23.98,127.98,medium,low,9,namecheap,,,15/09/2026 14:01
11ddffea-d12c-4c8b-8e1b-4d821383c4bd,credence.furniture,available,27.99,94.99,high,low,8,namesilo,,,16/09/2026 21:59
277e2f48-e539-4374-bc0b-4bbb34f46a9b,neighboring.furniture,available,39.99,,high,low,11,name.com,,,
22128d95-6b3a-4642-8ed3-1aaec5beb42c,companionship.furniture,available,21.11,82.9,high,low,13,porkbun,,,30/09/2026 22:32
385fb61e-23a7-48d3-abb7-9e134acaff18,prelude.furniture,available,20.9,82.76,high,low,7,spaceship,,,30/09/2026 10:52
97e88bea-8c8e-4d0b-a0a1-f77e4bca210c,volcanic.furniture,available,23.98,127.98,high,low,8,namecheap,,,13/09/2026 06:48
c71ca103-4bcb-4328-b092-d711fa9d9425,wiesbaden.furniture,available,20.9,82.76,medium,low,9,spaceship,,,29/09/2026 14:08
b71afabe-6da0-4e8f-8d10-389f289f8819,enwrapped.furniture,available,23.98,127.98,medium,low,9,namecheap,,,
087dedb4-f0c2-442c-899e-34a26bbbcd67,display.furniture,available,20.9,82.76,high,low,7,spaceship,,,28/09/2026 12:59
72562383-ee82-4a5f-8cd0-1aa53c390ee7,albumen.furniture,available,27.99,94.99,high,low,7,namesilo,,,18/09/2026 03:31
bd25de56-35f3-4004-811e-20daeec496e4,doubter.furniture,available,23.98,127.98,medium,low,7,namecheap,,,
dc7c7c65-e8ee-4c30-9f8a-c746bf2a5ba8,disagree.furniture,available,20.9,82.76,high,low,8,spaceship,,,29/09/2026 15:32
9e32c3fa-6cbd-43e7-8320-14016f98029f,effortless.furniture,available,23.98,127.98,high,low,10,namecheap,,,15/08/2026 16:21
455f72dc-f9f8-49ca-8489-e02166d17a10,broadloom.furniture,available,23.98,127.98,medium,low,9,namecheap,,,11/08/2026 04:59
07c91fdf-7b96-4e8e-82fd-e90519921864,clifford.furniture,available,27.99,94.99,high,low,8,namesilo,,,25/09/2026 14:06
9baacc8b-b7cf-4839-9acb-41ea9f3073ca,arbitrarily.furniture,available,39.99,,medium,low,11,name.com,,,
bf5c5f66-fe09-4e37-98ee-a673e010c230,nonuple.furniture,available,23.98,127.98,low,low,7,namecheap,,,03/09/2026 17:30
a78a6ae4-25a7-4718-b1cd-76827bb9b783,wannabee.furniture,available,23.98,127.98,medium,low,8,namecheap,,,07/08/2026 05:22
4736cfee-06d8-4321-b070-b145f9b54524,overwhelmed.furniture,available,39.99,,medium,low,11,name.com,,,
8ef34bc2-08f7-4c65-a746-f557a9688af8,oasis.furniture,available,27.99,94.99,high,medium,5,namesilo,,,29/09/2026 07:10
308cc173-6e75-4d7d-9b94-69c5b18a7d40,anonym.furniture,available,39.99,151.99,medium,low,6,name.com,,,19/09/2026 11:37
6c943e1c-f737-4780-b550-b62ef0ea6fee,fridge.furniture,available,80.2,80.2,high,low,6,cloudflare,,,29/09/2026 17:57
6b31c150-bce0-4605-9a84-5249c11106ca,sensing.furniture,available,20.9,82.76,high,low,7,spaceship,,,29/09/2026 14:15
71ac60ce-af93-4342-a5e0-729dadab8ad4,laurent.furniture,available,27.99,94.99,medium,low,7,namesilo,,,27/09/2026 09:55
7863f569-a034-4606-8b8b-fd96a781b32b,specify.furniture,available,21.59,85.01,high,low,7,dynadot,,,29/09/2026 20:40
f290c482-9167-4a08-81b8-58e24b4ee6d4,macleod.furniture,available,21.59,85.01,medium,low,7,dynadot,,,28/09/2026 02:12
88547c8a-0d47-42a9-9ee1-9fea33163943,broad.furniture,available,27.99,94.99,high,low,5,namesilo,,,19/09/2026 06:03
368add21-112e-45bf-960e-40f961d65dc8,despised.furniture,available,23.98,127.98,medium,low,8,namecheap,,,14/08/2026 04:10
6b2b2df3-e199-4302-a542-9dfaf17bcd42,responses.furniture,available,20.9,82.76,medium,low,9,spaceship,,,29/09/2026 17:29
062e7f57-d718-4a5d-8120-05b0bf7c77b2,blake.furniture,available,27.99,94.99,high,low,5,namesilo,,,24/09/2026 03:45
8a41ba27-e72d-4428-b135-a234b194a44d,remind.furniture,available,39.99,151.99,high,low,6,name.com,,,24/09/2026 20:14
d2f6f312-e9cb-4b81-a66b-5e697ea51f09,israelite.furniture,available,80.2,80.2,medium,low,9,cloudflare,,,29/09/2026 01:21
1c002de7-2cde-4122-ad4e-8003da24dbb7,basra.furniture,available,27.99,94.99,medium,low,5,namesilo,,,22/09/2026 10:33
72669fee-1df9-42f7-b789-248aed026c67,keep.furniture,available,27.99,94.99,high,low,4,namesilo,,,29/09/2026 04:03
52077460-94c1-4136-88e7-5087dd3abeae,blackmail.furniture,available,27.99,94.99,high,low,9,namesilo,,,24/09/2026 02:52
846cdf00-7c73-482f-82f5-dbbf47283ccf,locust.furniture,available,80.2,80.2,medium,low,6,cloudflare,,,30/09/2026 17:55
9d9b5027-930b-4813-be83-2123ff14a502,speckless.furniture,available,23.98,127.98,medium,low,9,namecheap,,,21/08/2026 20:42
b191ddb9-9cdb-47e4-b53c-1bcd273517cf,astacus.furniture,available,27.99,94.99,medium,low,7,namesilo,,,20/09/2026 16:51
47b16b41-ed4d-4461-9d88-e96949d30dcc,capability.furniture,available,27.99,94.99,high,low,10,namesilo,,,24/09/2026 12:11
b4bb7254-4914-489b-bb79-4e323e12ea55,maj.furniture,available,39.99,151.99,high,low,3,name.com,,,27/09/2026 02:37
9519fbba-93df-42ae-8a01-96fd6b1b3cb6,since.furniture,available,26.5,,high,low,5,unstoppable,,,30/09/2026 22:14
5ca6696a-bba3-4715-b7fb-d65e1622ab11,focally.furniture,available,23.98,127.98,medium,low,7,namecheap,,,14/09/2026 19:10
85bb2730-fb58-4fc6-be7a-e386fb92058b,agronomy.furniture,available,27.99,94.99,medium,low,8,namesilo,,,17/09/2026 19:42
0bd264bd-13a0-4209-a340-948ead2f0407,instructions.furniture,available,27.99,94.99,high,low,12,namesilo,,,25/09/2026 16:47
160d8f3a-8751-42d5-a936-edc623b6935a,loses.furniture,available,27.99,94.99,medium,low,5,namesilo,,,27/09/2026 11:07
1d652987-227d-49c2-bd61-367ed0c1ae5d,loops.furniture,available,27.99,94.99,high,low,5,namesilo,,,17/09/2026 12:15
1000cf25-109b-4dc8-85bc-025ef5a00e55,righteousness.furniture,available,27.99,94.99,medium,low,13,namesilo,,,30/09/2026 06:14
f8115bf4-f822-4d73-9965-f52acf9ffea9,prologue.furniture,available,27.99,94.99,high,low,8,namesilo,,,01/10/2026 03:22
8ef5520c-48ab-426d-85e4-af1bed8dc6c5,depths.furniture,available,20.9,82.76,medium,low,6,spaceship,,,28/09/2026 23:11
39cb79c7-e7a3-44ec-bea9-68d4eb46cc29,results.furniture,available,23.98,127.98,medium,low,7,namecheap,,,
078af328-eea9-4a80-a331-7110117d939b,distributed.furniture,available,23.98,127.98,high,low,11,namecheap,,,
9b547b2a-2ae2-4845-94cf-467adab58a4b,durham.furniture,available,20.9,82.76,high,low,6,spaceship,,,30/09/2026 01:25
9b7372d0-9807-4ff3-845d-92e6c016fd8d,hellish.furniture,available,23.98,127.98,medium,low,7,namecheap,,,09/08/2026 04:59
aa557eb1-c33a-4cbf-a9ec-9cb589f88756,venezia.furniture,available,27.99,94.99,high,low,7,namesilo,,,30/09/2026 11:17
51b5dfc2-7f44-4a96-9b68-9c1896939e1a,hang.furniture,available,80.2,80.2,high,low,4,cloudflare,,,28/09/2026 19:01
a40a88e4-8f57-481d-b587-2299c1ec7d15,hypnotised.furniture,available,23.98,127.98,medium,low,10,namecheap,,,17/08/2026 22:48
01450aa8-1c14-4cc2-a029-c246a6d669e2,burnt.furniture,available,23.98,127.98,high,low,5,namecheap,,,23/09/2026 11:41
f357492f-26c5-403e-a00b-306f72952635,unfilmed.furniture,available,23.98,127.98,medium,low,8,namecheap,,,12/09/2026 10:14
906cd169-4f72-41a6-9fdd-5a426a487024,allegheny.furniture,available,27.99,94.99,medium,low,9,namesilo,,,18/09/2026 10:28
065d1fa1-ee51-4201-afc4-c48b427460b5,cripple.furniture,available,23.98,127.98,medium,low,7,namecheap,,,22/08/2026 18:58
a7c6bc8f-51ef-44b3-bff4-11f9552c8ce7,silkily.furniture,available,23.98,127.98,medium,low,7,namecheap,,,16/09/2026 01:51
45de9dab-e530-45f2-9d36-32538132305a,thither.furniture,available,27.99,94.99,medium,low,7,namesilo,,,16/09/2026 08:57
b5fbf800-8cf1-4499-8a1f-a294fa948af3,improving.furniture,available,23.98,127.98,high,low,9,namecheap,,,21/08/2026 23:17
24529dfa-eacf-4f30-8c15-4a7bbb6a9592,rick.furniture,available,20.9,82.76,high,low,4,spaceship,,,30/09/2026 01:11
60c748fd-b182-44aa-b2b7-04c01ae88d02,zaftig.furniture,available,23.98,127.98,medium,low,6,namecheap,,,13/09/2026 14:56
2ea4531b-0389-4697-852c-c2ff5e2ca816,afternoons.furniture,available,20.9,82.76,medium,low,10,spaceship,,,29/09/2026 10:29
85a4ae38-b481-49e8-97b6-b1216c5ef822,wilt.furniture,available,20.9,82.76,medium,low,4,spaceship,,,30/09/2026 19:06
246f8d13-5c1a-4d24-8d0a-1c27346e353f,atrophy.furniture,available,23.98,127.98,high,low,7,namecheap,,,13/09/2026 12:50
e0c72df4-bf6a-4aad-88a3-c98be85d85ca,minimally.furniture,available,23.98,127.98,medium,low,9,namecheap,,,15/09/2026 15:02
f6616ea7-8143-43b6-a2ce-c6967385166b,customary.furniture,available,23.98,127.98,high,low,9,namecheap,,,13/08/2026 12:29
f90fe238-0a64-4519-bb52-2c6383999564,musical.furniture,available,23.98,127.98,high,low,7,namecheap,,,25/09/2026 19:12
96ff9f12-94d7-42c9-b5b1-ec09fdccb66f,creatures.furniture,available,23.98,127.98,medium,low,9,namecheap,,,27/09/2026 03:06
6db25ed9-21ca-42fe-9ecb-d11b7fdf24eb,bilberry.furniture,available,27.99,94.99,medium,low,8,namesilo,,,23/09/2026 15:37
0c8984ff-c533-48d9-b2c9-21992eb22457,walks.furniture,available,27.99,94.99,medium,low,5,namesilo,,,25/09/2026 16:37
cb0d7444-69c7-49d5-bc97-7944ea549458,restful.furniture,available,23.98,127.98,high,low,7,namecheap,,,09/09/2026 13:26
6b7a9fcf-5821-4fd8-86b2-c6bbd10d4fe1,comparing.furniture,available,27.99,94.99,high,low,9,namesilo,,,24/09/2026 16:45
743c0311-9ad8-4105-8040-77c0e0ba4dc7,trench.furniture,available,80.2,80.2,medium,low,6,cloudflare,,,28/09/2026 20:01
d9b8481f-1c7d-4fcd-804a-29bab932e49e,hapless.furniture,available,23.98,127.98,medium,low,7,namecheap,,,20/08/2026 23:48
130aec2a-7282-4aef-97b3-08381cc8e8b4,outgoing.furniture,available,23.98,127.98,high,low,8,namecheap,,,18/08/2026 12:37
91c83ed4-0e4f-4b09-9c64-274ded3b5b1b,queens.furniture,available,20.9,82.76,high,low,6,spaceship,,,30/09/2026 09:00
a88e08c5-c886-4efb-b5d6-4ffad0e1f954,sustenance.furniture,available,23.98,127.98,high,low,10,namecheap,,,18/09/2026 07:54
fce459e9-ab12-41e2-92ac-0bdac2b08ede,adoptee.furniture,available,27.99,94.99,medium,low,7,namesilo,,,17/09/2026 09:39
77e5af4c-9075-48bf-9b4a-1a2247f1b299,michael.furniture,available,23.98,127.98,high,medium,7,namecheap,,,25/09/2026 09:21
66d25044-db2a-42d2-b3b8-8fed7806e67e,outfit.furniture,available,23.98,127.98,high,low,6,namecheap,,,27/09/2026 13:44
914af111-26ff-4041-acd8-046994ba94b0,incentive.furniture,available,23.98,127.98,high,low,9,namecheap,,,29/09/2026 23:44
8a7244d2-2414-45b4-8dcb-2d2f93477934,cathartic.furniture,available,23.98,127.98,high,low,9,namecheap,,,05/08/2026 22:20
a8d2066e-d788-4c52-a157-67e441a60583,beating.furniture,available,23.98,127.98,high,low,7,namecheap,,,28/09/2026 10:26
8272de43-e090-4dc1-b222-5a1b289a1176,airdrop.furniture,available,27.99,94.99,high,low,7,namesilo,,,17/09/2026 23:06
b5941bae-3495-4246-b366-4b5e2f863907,reentrant.furniture,available,23.98,127.98,medium,low,10,namecheap,,,09/09/2026 10:51
7c2faf50-7b6e-42aa-99a3-a184dbd44e98,bimonthly.furniture,available,23.98,127.98,high,low,9,namecheap,,,09/08/2026 22:42
7dcd1c14-8aec-4d01-8a61-47f5b813cd88,temp.furniture,available,23.98,127.98,high,low,4,namecheap,,,11/09/2026 11:02
2af62567-d6f2-47c0-a9ad-cbe13a116290,dural.furniture,available,23.98,127.98,medium,low,5,namecheap,,,14/08/2026 21:30
c3d130af-a80e-4c3a-9928-fa5d41608291,washy.furniture,available,23.98,127.98,medium,low,5,namecheap,,,10/08/2026 13:56
8ff59c08-4b4f-45ac-9e2b-df872b508c4e,slow.furniture,available,27.99,94.99,high,low,4,namesilo,,,23/09/2026 00:28
58558a3a-a02a-496a-b62b-bbc6b77282b7,banker.furniture,available,27.99,94.99,high,low,6,namesilo,,,22/09/2026 02:46
b912682c-42d5-456c-af1b-4f2123c2a176,forensic.furniture,available,23.98,127.98,high,low,8,namecheap,,,08/09/2026 15:50
e86e9122-a27c-4061-8c38-8c96743c2216,usd.furniture,available,26.5,,high,low,3,unstoppable,,,28/09/2026 03:31
808cc3c8-840e-4ce2-bcdf-1451267b1612,brackish.furniture,available,23.98,127.98,medium,low,8,namecheap,,,11/08/2026 00:43
41b14200-0f52-4025-89a1-a792f9bcc2f7,antrim.furniture,available,27.99,94.99,medium,low,6,namesilo,,,28/09/2026 16:38
a9f5bc3f-c83b-4fc0-80e9-08e70b0d8cb3,childcare.furniture,available,27.99,94.99,high,low,10,namesilo,,,24/09/2026 14:36
e2f0efc3-3363-4fa1-9099-e74fe17d19ab,lieutenant.furniture,available,20.9,82.76,high,low,10,spaceship,,,28/09/2026 02:16
1fd193ba-ff9b-4551-a483-41ffc2d15977,wanderer.furniture,available,23.98,127.98,high,low,8,namecheap,,,23/09/2026 20:11
dd70dad5-7b5c-4bf7-9c50-8a9ba7ccf4fc,bangalore.furniture,premium,78.54,78.54,high,low,9,namesilo,,,22/09/2026 01:45
bb87ba93-919d-4611-a0f1-46663236c85f,influent.furniture,available,23.98,127.98,high,low,8,namecheap,,,22/08/2026 04:36
44a0923c-6ad9-4f3d-830a-d6d8e073ccb5,catholics.furniture,available,23.98,127.98,medium,low,9,namecheap,,,19/09/2026 20:28
369b63f6-7b53-4096-bd73-a2b8f51f9e60,matthew.furniture,available,23.98,127.98,high,low,7,namecheap,,,25/09/2026 06:38
462d3458-ee4d-4e8e-94ad-92059f14c919,vial.furniture,available,27.99,94.99,high,low,4,namesilo,,,18/09/2026 23:48
9d5fbc20-b783-43f5-a9cd-9d46afffe093,mist.furniture,available,39.99,151.99,high,low,4,name.com,,,25/09/2026 23:43
03656be1-2a38-47ca-84ef-5655ee2c1e53,chem.furniture,available,27.99,94.99,high,low,4,namesilo,,,18/09/2026 00:59
60294142-ec5d-4fc9-a10f-1b61756f5870,recruited.furniture,available,27.99,94.99,medium,low,9,namesilo,,,18/09/2026 00:53
a634f640-c2cc-4a5c-a1b4-6ad193937f31,lxxxi.furniture,available,23.98,127.98,medium,low,5,namecheap,,,
9198b64e-a7cd-44a8-9482-997a9ffda916,painfully.furniture,available,23.98,127.98,medium,low,9,namecheap,,,14/09/2026 13:22
9b1fcf42-36d1-4a6a-9c63-b49241520398,disordered.furniture,available,23.98,127.98,medium,low,10,namecheap,,,14/08/2026 11:18
60fcceec-465f-4052-ba08-355ab930ce7b,disfigure.furniture,available,27.99,94.99,medium,low,9,namesilo,,,24/09/2026 05:36
53ccc801-d3f3-4eb4-a318-697850858ea5,leblanc.furniture,available,21.59,85.01,high,low,7,dynadot,,,29/09/2026 15:54
8f42c81f-31a2-4a8b-be72-1ca77751108c,toffee.furniture,available,23.98,127.98,high,low,6,namecheap,,,11/08/2026 04:53
f32781da-afbc-421b-af92-8230503a2ec5,literature.furniture,available,23.98,127.98,high,low,10,namecheap,,,24/08/2026 02:03
72caf93d-dacc-4d11-b00c-e5c2042ff659,beginnings.furniture,available,20.9,82.76,medium,low,10,spaceship,,,30/09/2026 00:17
d86081a5-595e-4263-b214-1a1d97dc4e5f,gil.furniture,available,27.99,94.99,high,low,3,namesilo,,,25/09/2026 13:06
91a8e735-1b6c-4aba-960d-c2ffff876bfa,deported.furniture,available,27.99,94.99,low,low,8,namesilo,,,29/09/2026 16:30
4ecb4dca-9033-42e4-a2ba-bf474090292f,yummy.furniture,available,23.98,127.98,high,low,5,namecheap,,,14/08/2026 00:26
0573cfa6-5694-4ecb-8949-0345e6a4cda6,flesh.furniture,available,27.99,94.99,high,low,5,namesilo,,,25/09/2026 21:58
3cf5173c-38cb-4e53-b097-a0589bcec168,olympian.furniture,available,23.98,127.98,high,low,8,namecheap,,,17/08/2026 16:01
db254ed0-c0fd-4df1-bb6c-ba03871a8959,gelid.furniture,available,23.98,127.98,medium,low,5,namecheap,,,18/08/2026 21:05
a52504f6-a6e5-4a6c-b616-a628140a0865,biotic.furniture,available,23.98,127.98,high,low,6,namecheap,,,10/08/2026 03:14
83c1f411-aac9-4d4c-8941-a8c40841524b,smoker.furniture,available,26.5,,medium,low,6,unstoppable,,,30/09/2026 02:54
8693cc9b-f66a-463f-bc26-67fa20f2c5a7,bug.furniture,available,23.98,127.98,high,low,3,namecheap,,,29/09/2026 00:24
5a3fee70-cec9-4f2c-82da-22897907ab71,glary.furniture,available,23.98,127.98,medium,low,5,namecheap,,,10/08/2026 13:49
1f80d5c5-0ebf-44d1-bbb8-112b0ad5054f,amaterasu.furniture,available,27.99,94.99,medium,low,9,namesilo,,,18/09/2026 16:05
332a83cb-d4a0-4534-9950-c6b7a9690be7,lazuline.furniture,available,23.98,127.98,medium,low,8,namecheap,,,08/08/2026 03:18
5aab1889-2529-4981-93be-f759466a1a6c,gujarat.furniture,available,21.59,85.01,medium,low,7,dynadot,,,28/09/2026 19:24
8cd5d483-0e4c-470b-b1e9-6400416d7c41,circuitous.furniture,available,23.98,127.98,medium,low,10,namecheap,,,12/08/2026 08:18
54eb1342-9d12-4fbf-b72d-87fbf487fe72,chatbot.furniture,available,23.98,127.98,high,medium,7,namecheap,,,25/09/2026 20:08
32330799-85f4-4145-b9ad-946e3befc629,regally.furniture,available,23.98,127.98,medium,low,7,namecheap,,,15/09/2026 22:55
598b2ada-20db-47c3-992f-74ce49d0fbb8,storm.furniture,available,27.99,94.99,high,medium,5,namesilo,,,25/09/2026 10:14
479d739c-79a8-4fd2-99f6-7226c9ad9b62,duel.furniture,available,27.99,94.99,high,low,4,namesilo,,,17/09/2026 14:06
44cc0919-4361-4a73-8f2d-92cbb1d52862,marco.furniture,available,39.99,,high,low,5,name.com,,,
700a289a-3fa6-4557-81cf-4733611be0fd,bakshis.furniture,available,27.99,94.99,medium,low,7,namesilo,,,21/09/2026 15:54
3e049862-5154-46fd-9614-ce79fd452052,carton.furniture,available,21.59,85.01,high,low,6,dynadot,,,30/09/2026 08:58
ee1976f1-a3e4-474b-abec-0e970fd4300a,tomas.furniture,available,26.5,,medium,low,5,unstoppable,,,28/09/2026 04:37
bd8c9215-5d8c-47c5-b259-7a6f89e7ba0b,ashlar.furniture,available,27.99,94.99,high,low,6,namesilo,,,20/09/2026 13:55
d6606948-4038-4dec-8eda-f6c17eca3233,digits.furniture,available,39.99,,high,low,6,name.com,,,
c60bc08f-4926-44ef-9213-9d3874a5f7cf,passing.furniture,available,27.99,94.99,high,low,7,namesilo,,,24/09/2026 14:24
cfa7fbbe-9b9a-46ee-b28b-c0e5c59444d2,rai.furniture,available,20.9,82.76,high,low,3,spaceship,,,28/09/2026 04:12
5234981a-83d3-4de8-9e25-fa15c2a0a3d6,cooke.furniture,available,27.99,94.99,high,low,5,namesilo,,,18/09/2026 06:21
97b875c5-1af5-469c-8cac-cf6ca24b4992,donnish.furniture,available,23.98,127.98,medium,low,7,namecheap,,,14/08/2026 15:53
5d05e26a-c83a-419d-a4b4-abab91d4ed8d,overdue.furniture,available,27.99,94.99,medium,low,7,namesilo,,,26/09/2026 03:28
d0f55489-9862-47a8-8414-3104ee5c0d6c,katharsis.furniture,available,27.99,94.99,medium,low,9,namesilo,,,16/09/2026 17:05
8e02416b-bd57-471d-9309-75d95cf50513,exponent.furniture,available,27.99,94.99,high,low,8,namesilo,,,17/09/2026 11:51
6efdb0ca-2683-49a5-81ab-661fadce62ec,recognize.furniture,available,23.98,127.98,high,low,9,namecheap,,,27/09/2026 02:43
ccb80a32-f77f-455e-9fc3-61de167f74c2,freaky.furniture,available,23.98,127.98,high,low,6,namecheap,,,10/08/2026 10:01
5c9deadf-37aa-49c4-8049-3a642be77ae3,virtue.furniture,available,26.5,,high,low,6,unstoppable,,,28/09/2026 10:22
cbc91957-4b9f-435c-b6c8-a5ce409e3f17,partake.furniture,available,27.99,94.99,high,low,7,namesilo,,,30/09/2026 11:28
7b6ae49d-9646-49c6-a411-f040d6f9ddfa,paean.furniture,available,23.98,127.98,high,low,5,namecheap,,,05/09/2026 00:45
49913eec-3d4e-4486-bd7a-2a1df8bbed7d,tribute.furniture,available,27.99,94.99,high,low,7,namesilo,,,30/09/2026 13:55
864f2a8a-7d6b-4ddf-976f-1a60223018f7,conducted.furniture,available,39.99,,medium,low,9,name.com,,,
5754d245-0aa3-493d-a0a7-e4cfc7d473cd,joanne.furniture,available,21.59,85.01,high,low,6,dynadot,,,27/09/2026 19:17
a7c8139b-bbad-4645-88e8-e69ffa2c3388,output.furniture,available,21.59,85.01,high,low,6,dynadot,,,29/09/2026 06:46
beaf01af-569b-4530-9b31-8b40ac48cb55,benthic.furniture,available,23.98,127.98,medium,low,7,namecheap,,,09/08/2026 14:45
1571f581-90da-4be4-9c0d-07fc399c2057,compassion.furniture,available,23.98,127.98,high,low,10,namecheap,,,24/09/2026 16:46
f257d697-cbfa-4de7-9fe8-3e55d5b3acce,radiantly.furniture,available,23.98,127.98,medium,low,9,namecheap,,,15/09/2026 22:18
70527e61-bbc2-4e96-9648-91ee6ae4f725,porous.furniture,available,23.98,127.98,medium,low,6,namecheap,,,21/08/2026 10:25
665cc308-e20b-4a76-a200-4cc88e065e07,connecting.furniture,available,26.5,,medium,low,10,unstoppable,,,28/09/2026 22:52
a1c02590-97e6-490d-b369-5eb0f768d58e,hysteria.furniture,available,23.98,127.98,high,low,8,namecheap,,,24/09/2026 21:43
93bafb92-60eb-412d-8093-bd9c2c8c66dc,snakebird.furniture,available,23.98,127.98,medium,low,9,namecheap,,,19/09/2026 08:17
9ea5e2ec-e96e-42f5-bd29-4abc73139077,miserly.furniture,available,23.98,127.98,medium,low,7,namecheap,,,24/08/2026 23:45
76dfb992-146f-4384-9f2e-027ab6000003,varicose.furniture,available,23.98,127.98,medium,low,8,namecheap,,,13/09/2026 01:20
cb333943-6ddd-4253-a9a7-4fae9713b59e,filesize.furniture,available,39.99,,medium,low,9,name.com,,,
41ee8066-4bff-451a-b3e1-7edd4b76dc76,affected.furniture,available,23.98,127.98,high,low,8,namecheap,,,
517a3e41-fd67-4f96-b508-3606fab87bc9,megabucks.furniture,available,27.99,94.99,high,low,9,namesilo,,,23/09/2026 14:11
b2df42d3-e520-4c27-a8ec-566b9a9e0063,ablaze.furniture,available,23.98,127.98,high,low,6,namecheap,,,
6f2d2122-66fc-431d-8285-94609c934a36,galaxies.furniture,available,27.99,94.99,high,low,8,namesilo,,,30/09/2026 14:49
15a6253c-dc83-4443-901f-e84542c67cda,chirping.furniture,available,39.99,,high,low,8,name.com,,,
03cb6dc6-0c4a-4ab7-bc27-5b80a3a621b5,sperm.furniture,available,21.59,85.01,high,low,5,dynadot,,,30/09/2026 11:38
4803d345-f15a-4f88-a928-6be42ea68906,epidermal.furniture,available,39.99,151.99,medium,low,9,name.com,,,13/08/2026 13:06
f2abec25-ba2e-43e2-983a-5336c4cfd14b,warriors.furniture,available,20.9,82.76,medium,low,8,spaceship,,,28/09/2026 04:57
5abfab83-de59-4cbe-b4bd-4975132e879b,tendency.furniture,available,23.98,127.98,high,low,8,namecheap,,,22/08/2026 22:11
84d0d1c1-47b2-4afd-b339-d1e289f2d93e,penguin.furniture,available,20.9,82.76,high,medium,7,spaceship,,,28/09/2026 10:42
1586aae7-e10c-40e6-b3ea-eb38a021a5db,capturing.furniture,available,23.98,127.98,medium,low,9,namecheap,,,29/09/2026 16:31
2719c5ba-4326-47de-b978-9f14ecbd73e5,certainty.furniture,available,27.99,94.99,high,low,9,namesilo,,,24/09/2026 13:39
b7303a9c-fd29-4784-ba10-fa8cd6cd99d8,ibsen.furniture,available,26.5,,high,low,5,unstoppable,,,29/09/2026 13:02
a1bf3e8d-b0c3-47d6-952d-9828201a1eb3,nuts.furniture,available,27.99,94.99,high,low,4,namesilo,,,22/09/2026 08:20
ccf021c7-6ae1-4648-bbbf-8cb86f5a1e5f,unscalable.furniture,available,23.98,127.98,medium,low,10,namecheap,,,12/09/2026 05:23
dfee9798-aa13-489c-a336-68f2fef6b7ab,ivry.furniture,available,27.99,94.99,medium,low,4,namesilo,,,22/09/2026 15:16
beba0d61-81e1-46c7-a72e-1cc4790fe11d,acrostic.furniture,available,27.99,94.99,medium,low,8,namesilo,,,17/09/2026 03:59
2a5cc27b-d9f6-4b40-92ce-d4be0e84f3ab,brentwood.furniture,available,21.59,85.01,medium,low,9,dynadot,,,29/09/2026 10:01
b7fd8d61-4ce9-4758-8da8-dfbc3a7d1a47,insincere.furniture,available,23.98,127.98,medium,low,9,namecheap,,,22/08/2026 07:08
57f74974-8a74-4578-a3f7-c167e97ca5d7,sayyid.furniture,available,27.99,94.99,medium,low,6,namesilo,,,30/09/2026 11:49
0db09d47-2f68-4e5d-a95c-65cc0fdd2fa0,haircuts.furniture,available,27.99,94.99,medium,low,8,namesilo,,,21/09/2026 07:16
8f74221a-1a01-4fa6-b8c1-a62f1c9df152,lingo.furniture,available,23.98,127.98,medium,low,5,namecheap,,,13/09/2026 04:12
5aa96675-0323-49df-82cb-fbeee15699d3,gallantly.furniture,available,23.98,127.98,medium,low,9,namecheap,,,14/09/2026 06:45
33999c1f-601d-452f-9612-bb0c33202f13,tuscaloosa.furniture,available,20.9,82.76,medium,low,10,spaceship,,,29/09/2026 02:27
e936c2d6-bc9f-47ba-a979-bffa1ddf5d22,israelites.furniture,available,20.9,82.76,high,low,10,spaceship,,,27/09/2026 13:59
85eab3b7-da00-4e88-ab6f-867027f6c0b0,detector.furniture,available,27.99,94.99,high,low,8,namesilo,,,24/09/2026 21:49
b258a6bb-cd8c-4cfd-9845-6eba2c4feead,packing.furniture,available,21.59,85.01,high,low,7,dynadot,,,29/09/2026 00:21
e9d53734-5fb0-4e0d-9f98-4365f1128a96,songbirds.furniture,available,27.99,94.99,medium,low,9,namesilo,,,21/09/2026 08:44
0926b85e-5641-4d61-9713-721c84978f41,tool.furniture,available,27.99,94.99,high,low,4,namesilo,,,24/09/2026 16:13
d157336a-2051-42eb-9141-ab37d98d1977,apprehend.furniture,available,27.99,94.99,high,low,9,namesilo,,,20/09/2026 09:02
84dc8769-6ef9-40e5-b921-21dcfd1cbfd4,totipotent.furniture,available,23.98,127.98,medium,low,10,namecheap,,,11/09/2026 18:12
25040511-04bf-4594-b476-a143dd2db1e1,perishable.furniture,available,23.98,127.98,high,low,10,namecheap,,,08/09/2026 17:18
8261ca15-cf20-4b8a-b3ab-48b6ab64fb43,olga.furniture,available,27.99,94.99,medium,low,4,namesilo,,,27/09/2026 01:37
a8e4d5ef-0b31-47e0-9077-08077db59ea5,mooney.furniture,available,27.99,94.99,high,low,6,namesilo,,,28/09/2026 03:44
545be7cd-5c7f-4156-928a-66fb5027b3b8,dismissed.furniture,available,27.99,94.99,medium,low,9,namesilo,,,24/09/2026 11:01
16e380c7-51e9-41f3-9b99-4609bdd848e5,buffalo.furniture,premium,128.7,128.7,high,low,7,namecheap,,,18/09/2026 19:11
131c0342-4baf-4fc7-ad29-31c3c7403356,area.furniture,available,23.98,127.98,high,low,4,namecheap,,,28/09/2026 22:00
e521fbf8-ae7b-4552-a7d5-c46384746cb8,etcetera.furniture,available,23.98,127.98,high,low,8,namecheap,,,13/09/2026 19:52
7efb4497-c603-4e8c-a9cd-994512cab0ab,whisky.furniture,available,26.5,,high,low,6,unstoppable,,,29/09/2026 08:20
b376b561-b6fa-4490-b933-7357b1e4899e,applicant.furniture,available,27.99,94.99,high,low,9,namesilo,,,19/09/2026 21:53
5a2ed272-4284-4ab4-98e5-e89a0105d1c3,embrace.furniture,available,20.9,82.76,high,low,7,spaceship,,,29/09/2026 17:59
f28ae36d-5207-4694-82ad-ca8a16dddc30,fashionable.furniture,available,20.9,82.76,high,low,11,spaceship,,,28/09/2026 15:41
acbaf4e1-acc6-4008-94e3-c3658b82c004,porcupine.furniture,available,27.99,94.99,high,low,9,namesilo,,,01/10/2026 02:28
046f5526-baf0-490b-9e19-12da498ae1dc,excused.furniture,available,23.98,127.98,medium,low,7,namecheap,,,17/08/2026 16:44
c87db42d-d4e8-4b82-ba14-bd5c9370c963,onslaught.furniture,available,27.99,94.99,medium,low,9,namesilo,,,21/09/2026 01:06
a467bc04-ff73-4d80-abc7-722d63effa7c,spatter.furniture,available,23.98,127.98,medium,low,7,namecheap,,,15/09/2026 20:19
30fdf3ca-8db9-4e93-bdbe-23a47f0e7d78,undertaker.furniture,available,80.2,80.2,high,low,10,cloudflare,,,30/09/2026 09:51
e285df8c-ab3e-4cff-8d45-a682f1249227,boldly.furniture,available,23.98,127.98,high,low,6,namecheap,,,14/09/2026 00:53
02f5f207-333d-4a9f-aa60-610e315ff491,bursal.furniture,available,23.98,127.98,medium,low,6,namecheap,,,11/08/2026 11:04
9d61476a-eff2-4b1d-9010-0a8680715909,immerse.furniture,available,23.98,127.98,high,low,7,namecheap,,,10/09/2026 19:49
49d554e8-93b8-4169-a515-4b8240628d15,armagh.furniture,available,23.98,127.98,medium,low,6,namecheap,,,29/09/2026 10:03
46ad30b6-3e42-43ee-b986-86b797ca8e5d,bantu.furniture,available,23.98,127.98,medium,low,5,namecheap,,,08/08/2026 14:50
bf736a09-73ac-4a83-b4db-cf1f0488feeb,dating.furniture,available,23.98,127.98,high,low,6,namecheap,,,29/09/2026 13:14
231147ad-6052-4f67-bf04-50bdea46eeba,blue.furniture,premium,118.8,118.8,high,medium,4,namesilo,,,22/09/2026 07:49
fb9b4559-4b9c-450c-bb45-d8087e449926,plushy.furniture,available,23.98,127.98,high,low,6,namecheap,,,24/08/2026 11:02
487f724d-64fe-4b6b-8fd1-499b4a3480aa,nicky.furniture,available,39.99,,high,low,5,name.com,,,
87c2e0fd-4552-429b-9776-ddccdb5ed316,satellites.furniture,available,39.99,,medium,low,10,name.com,,,
5384367a-d4c8-4884-b8b3-c7700c5ae165,generic.furniture,available,23.98,127.98,high,low,7,namecheap,,,28/09/2026 07:54
fcd16fc6-093a-485a-9182-9ec115168364,saddening.furniture,available,39.99,,medium,low,9,name.com,,,
29b32809-94ac-4e09-8d4f-7ed04d667f51,colony.furniture,available,27.99,94.99,high,low,6,namesilo,,,27/09/2026 12:41
eb7b5fea-6d6c-4ab8-994d-6a381ed9d8dd,isosceles.furniture,available,23.98,127.98,medium,low,9,namecheap,,,22/08/2026 11:16
e30ec0ed-f3c6-48f0-89b0-997d965d1d85,going.furniture,available,27.99,94.99,high,low,5,namesilo,,,24/09/2026 22:35
7685c9e6-1790-49a5-9157-2bb9a4bd0fe9,repressed.furniture,available,23.98,127.98,medium,low,9,namecheap,,,08/09/2026 14:49
c47bd2a6-90e1-4f21-9c12-1c7ce7576f44,gilman.furniture,available,27.99,94.99,medium,low,6,namesilo,,,28/09/2026 09:22
64eaa304-dc75-4691-b661-fb9159f94a96,affaire.furniture,available,23.98,127.98,medium,low,7,namecheap,,,17/09/2026 14:00
7a0412c5-0940-48c5-b77b-0e46ad88a4e6,justification.furniture,available,39.99,,medium,low,13,name.com,,,
279b2cf8-bc7f-43a4-8406-fc3f01263c1f,hussy.furniture,available,27.99,94.99,medium,low,5,namesilo,,,17/09/2026 10:20
413cfa73-88c7-4be6-8bf5-9fdecfb558ef,calla.furniture,available,27.99,94.99,high,low,5,namesilo,,,20/09/2026 12:12
26fd1eca-f5b9-4b2a-b07d-48739e0bacb5,camwood.furniture,available,27.99,94.99,medium,low,7,namesilo,,,17/09/2026 15:22
6f279b45-f17c-421c-8b35-88be69ab10e1,forester.furniture,available,27.99,94.99,medium,low,8,namesilo,,,20/09/2026 00:50
16d17364-9ae3-43ab-abd7-d8251e861db4,could.furniture,available,27.99,94.99,high,low,5,namesilo,,,30/09/2026 23:37
400330f9-df58-425f-8a6d-2fb770a10b2c,awkwardly.furniture,available,23.98,127.98,medium,low,9,namecheap,,,13/09/2026 22:55
c1bddb69-986b-48d3-b29d-f97d4ef794a3,andrena.furniture,available,27.99,94.99,medium,low,7,namesilo,,,19/09/2026 04:31
b30a1c43-1e36-42bb-a4d1-5d2b8284eaba,enlivening.furniture,available,23.98,127.98,medium,low,10,namecheap,,,
82a342f1-3ef4-4841-9a5e-51e912d2cd4f,importance.furniture,available,20.9,82.76,high,low,10,spaceship,,,29/09/2026 21:24
6010ebd0-5f03-4a68-a9c9-98a0316a7a5b,canberra.furniture,available,39.99,151.99,high,low,8,name.com,,,21/09/2026 04:47
21a42fc7-a161-48b8-9528-9117dd38d5bd,adps.furniture,available,23.98,127.98,medium,low,4,namecheap,,,17/09/2026 09:53
5b9c866c-97ff-4109-970c-852087e371c0,cheaper.furniture,available,23.98,127.98,low,low,7,namecheap,,,28/09/2026 08:27
52c33e92-91f0-424c-a4d1-bd0ca1216684,anchored.furniture,available,26.5,,high,low,8,unstoppable,,,30/09/2026 06:40
6626d288-c3a8-463e-8aed-e48dca2416fc,aerogram.furniture,available,27.99,94.99,medium,low,8,namesilo,,,17/09/2026 13:04
bb3911de-dfa4-45e7-a7bc-4a5851f3bc76,inviolable.furniture,available,23.98,127.98,medium,low,10,namecheap,,,21/08/2026 23:02
dab62a3f-5e6e-4f6b-9b36-ed29a1a112dc,overlapping.furniture,available,23.98,127.98,high,low,11,namecheap,,,29/09/2026 08:54
8dffb8e4-dcf2-46e3-a049-071ca76a3293,schoolhouse.furniture,available,26.5,,high,low,11,unstoppable,,,30/09/2026 12:19
cea2e7bb-5986-4a6c-9756-e7b9938ce2da,labeled.furniture,available,23.98,127.98,high,low,7,namecheap,,,22/08/2026 17:13
fc395d20-c2c1-41f4-80ba-f4c831090156,handful.furniture,available,27.99,94.99,high,low,7,namesilo,,,28/09/2026 05:45
5e793428-f00e-4a08-8fdf-ce3a607ce242,concentric.furniture,available,23.98,127.98,high,low,10,namecheap,,,12/08/2026 19:57
0b47ce7b-533e-42e8-b0bc-ab27412bd1cf,solved.furniture,available,23.98,127.98,high,low,6,namecheap,,,10/09/2026 13:46
47e5a1ef-e7b4-4d75-adbb-9be7c921f950,dooley.furniture,available,20.9,82.76,high,low,6,spaceship,,,30/09/2026 12:47
4234e4f1-ab4d-479e-9f92-6059c47049ba,cabell.furniture,available,27.99,94.99,medium,low,6,namesilo,,,30/09/2026 08:52
2a12c675-3c82-44d8-9769-a4abe3350a75,graffiti.furniture,available,80.2,80.2,high,low,8,cloudflare,,,29/09/2026 12:57
c7ec7a0e-5f59-46a1-8fcb-289b067d384f,vindictive.furniture,available,23.98,127.98,medium,low,10,namecheap,,,14/08/2026 04:21
8dd7e705-122a-4e31-8a04-5510fd325a74,rectangular.furniture,available,27.99,94.99,high,low,11,namesilo,,,30/09/2026 06:01
c341f09e-fec6-416b-9b2d-2ee3c3e0f98c,bifid.furniture,available,23.98,127.98,medium,low,5,namecheap,,,09/08/2026 19:59
801eefbd-6a41-41d6-8f50-dba3f7206e2d,suspend.furniture,available,80.2,80.2,high,low,7,cloudflare,,,30/09/2026 18:25
73045df1-8478-4b7c-a52b-b7ecb65f561f,undyed.furniture,available,23.98,127.98,medium,low,6,namecheap,,,12/09/2026 02:08
2cd0f19c-d087-45ac-966b-14de140fcca2,biaxal.furniture,available,23.98,127.98,medium,low,6,namecheap,,,09/08/2026 18:46
cc1123d0-c8ad-4ab6-af57-27c35973d837,nang.furniture,available,20.9,82.76,high,low,4,spaceship,,,30/09/2026 19:24
b14470c8-9368-4523-868d-3ce678c75642,mauldin.furniture,available,27.99,94.99,medium,low,7,namesilo,,,23/09/2026 16:01
12f35a38-15b6-4e2a-b514-57df68b3e502,lily.furniture,available,177.99,177.99,high,medium,4,godaddy,,,28/09/2026 02:17
420e4df3-c823-455f-9f6e-d9919b7c098b,unexcited.furniture,available,23.98,127.98,medium,low,9,namecheap,,,12/09/2026 09:30
9bb69038-0d36-4a00-abd4-68b6e6ccb2a7,sixpenny.furniture,available,23.98,127.98,medium,low,8,namecheap,,,10/09/2026 09:06
0fcd829a-40f8-4148-8184-cbe51c5c8bfc,arriver.furniture,available,27.99,94.99,medium,low,7,namesilo,,,20/09/2026 09:16
c34c7999-1aa2-4ef2-8ac6-843fb6418e77,booth.furniture,available,27.99,94.99,high,low,5,namesilo,,,24/09/2026 07:20
2174093e-005e-4879-9c94-65ecf2178399,baths.furniture,available,27.99,94.99,high,low,5,namesilo,,,28/09/2026 23:22
30bc0193-77c8-4371-88bc-ab5f03d466b2,repent.furniture,available,80.2,80.2,high,low,6,cloudflare,,,30/09/2026 10:57
7a386b0f-e643-4b4f-942a-6be5e3273f92,blackout.furniture,available,27.99,94.99,high,low,8,namesilo,,,18/09/2026 22:20
b7a5258d-c6d5-43c2-919b-41f6730ee079,guerrilla.furniture,available,23.98,127.98,high,low,9,namecheap,,,22/08/2026 10:14
0ac30bb6-dcd0-4036-99da-82bf98341bac,willow.furniture,available,26.5,,high,low,6,unstoppable,,,30/09/2026 14:43
567daf4a-ea4b-4f66-91d0-b037c3650c07,catarrhine.furniture,available,23.98,127.98,medium,low,10,namecheap,,,11/08/2026 21:11
8ddb3f80-6402-4aa1-b103-cb26401df328,rummy.furniture,available,23.98,127.98,high,low,5,namecheap,,,13/08/2026 11:16
2e0f8810-392b-44cf-b1f6-d3917d127a65,postscript.furniture,available,23.98,127.98,high,low,10,namecheap,,,17/09/2026 06:45
9c958b96-a72b-4a2b-b81e-615ddf36f4c0,matured.furniture,available,23.98,127.98,medium,low,7,namecheap,,,18/08/2026 17:58
400e6351-b1d7-4078-87af-264b97232b82,rhythmic.furniture,available,21.59,85.01,high,low,8,dynadot,,,27/09/2026 14:50
9c8f0ff8-5102-499d-a67b-59021c112563,troy.furniture,available,20.9,82.76,high,low,4,spaceship,,,29/09/2026 19:15
325513e2-41f6-45f4-ae40-49e86a7407ef,gala.furniture,available,20.9,82.76,high,low,4,spaceship,,,29/09/2026 20:31
784dbc83-ec88-4057-aee3-fe77808d8943,dependence.furniture,available,27.99,94.99,medium,low,10,namesilo,,,17/09/2026 06:54
75bea31b-74ca-471c-a0e9-05056ffed385,littoral.furniture,available,23.98,127.98,medium,low,8,namecheap,,,24/08/2026 07:35
bb5e29a2-a7c0-43e2-b8a1-84502718be2f,zama.furniture,available,27.99,94.99,medium,low,4,namesilo,,,22/09/2026 16:21
9ed43709-be9e-4d84-983a-e382b3b133c1,hesse.furniture,available,27.99,94.99,high,low,5,namesilo,,,27/09/2026 04:26
65180ae5-6367-41b2-84c3-e1b5c8347fed,rosen.furniture,available,27.99,94.99,medium,low,5,namesilo,,,26/09/2026 03:15
9d864fa7-bcd1-4fc8-a302-f053bd042bae,falls.furniture,available,20.9,82.76,high,low,5,spaceship,,,29/09/2026 18:56
db4fbb7a-9ec1-4c3a-a70f-c865892cd890,idiom.furniture,available,20.9,82.76,high,low,5,spaceship,,,28/09/2026 22:21
a0844ead-2a22-428d-90a4-3dce7831ea8e,blistering.furniture,available,23.98,127.98,medium,low,10,namecheap,,,
d94bd186-beb8-401a-9c49-f230c4a689af,variation.furniture,available,23.98,127.98,high,low,9,namecheap,,,03/09/2026 11:43
9e47a1f2-8b09-4dcf-b020-0034671eee78,grandfathers.furniture,available,23.98,127.98,medium,low,12,namecheap,,,20/09/2026 22:52
5dfe5285-31a8-4c84-bf89-56222cdb68d8,lifeless.furniture,available,23.98,127.98,medium,low,8,namecheap,,,17/08/2026 15:52
3156b9dc-8e43-40db-a364-d583bea2b237,doctorfish.furniture,available,23.98,127.98,medium,low,10,namecheap,,,16/09/2026 20:58
ed56575a-8744-4175-9994-628018633805,lonely.furniture,available,20.9,82.76,high,low,6,spaceship,,,28/09/2026 09:45
0549d324-78a3-45f0-a08f-bcb31e473eab,sip.furniture,available,27.99,94.99,high,low,3,namesilo,,,30/09/2026 11:16
677fb4ef-1c92-4e92-bf74-b500eb3d13dd,minuscule.furniture,available,23.98,127.98,high,low,9,namecheap,,,25/09/2026 15:24
706a4fa4-7aa9-4a8f-b015-ed3d7969b46d,outcrop.furniture,available,26.5,,high,low,7,unstoppable,,,01/10/2026 03:11
c845fa44-5e53-449d-9b5c-542c66e210ee,transmitter.furniture,available,21.11,82.9,high,low,11,porkbun,,,28/09/2026 15:46
01099bdb-7209-4021-a870-e3c107fa23e0,bluetooth.furniture,available,39.99,,high,low,9,name.com,,,
703ca0ba-accb-4789-bff1-16042ff7886d,exclusively.furniture,available,39.99,,medium,low,11,name.com,,,
40b522a8-c3a9-41c1-873b-751b1991bea9,ppm.furniture,available,80.2,80.2,high,low,3,cloudflare,,,28/09/2026 08:29
1a74c5af-19cd-4a9e-b2c3-2007d9d80cab,parody.furniture,available,23.98,127.98,high,low,6,namecheap,,,23/09/2026 11:34
e5dd5573-71d2-4289-bc0a-aaefd9101d02,blower.furniture,available,23.98,127.98,medium,low,6,namecheap,,,12/08/2026 01:06
397ca22e-8198-4595-974c-984b47e19acc,antwerpen.furniture,available,27.99,94.99,medium,low,9,namesilo,,,19/09/2026 15:48
acd55c7d-c642-4f78-9458-4861898d4971,scandent.furniture,available,23.98,127.98,medium,low,8,namecheap,,,09/09/2026 22:32
98c0857e-a676-4e06-9079-a9abcabc2f18,teamwork.furniture,available,26.5,,high,low,8,unstoppable,,,30/09/2026 12:52
90498dc0-4779-4fa3-a4a8-aa91b1e830b1,northward.furniture,available,23.98,127.98,high,low,9,namecheap,,,03/09/2026 21:27
87c86013-1d81-4315-8c16-7d0c9f90b128,asiatic.furniture,available,23.98,127.98,medium,low,7,namecheap,,,07/08/2026 02:29
4c54f7d1-c6fe-4d8c-b32f-dfab656f0de7,quintet.furniture,available,23.98,127.98,high,low,7,namecheap,,,
4b0794a4-af7b-468f-9212-8182b2b370fc,gingerbread.furniture,available,39.99,,high,low,11,name.com,,,
9caaec29-52ed-4942-a987-c708463392a2,flights.furniture,available,27.99,94.99,high,low,7,namesilo,,,18/09/2026 23:36
90f37283-d15b-4cfd-8357-004b3a56f8a5,month.furniture,available,80.2,80.2,high,low,5,cloudflare,,,29/09/2026 05:48
4f2449b1-9ccc-45f1-9dcf-4a9da01ff0f4,sacredly.furniture,available,23.98,127.98,medium,low,8,namecheap,,,15/09/2026 23:01
367107e3-d007-4fe8-a8f5-4896bee8cc8d,unsaved.furniture,available,23.98,127.98,medium,low,7,namecheap,,,12/09/2026 17:57
4c44693d-8e59-4e8e-9f2e-e77bf54eb93e,implement.furniture,available,23.98,127.98,high,low,9,namecheap,,,29/09/2026 13:06
13be44bd-1150-4d60-a6e8-93e19b7b2d9d,strife.furniture,available,23.98,127.98,high,low,6,namecheap,,,24/09/2026 22:33
91db745e-a8f3-49fc-aba1-8a5869fc0b26,manuel.furniture,available,27.99,94.99,high,low,6,namesilo,,,25/09/2026 15:00
523ea765-aaa0-486f-a0db-b5af10afc45b,pile.furniture,available,23.98,127.98,high,low,4,namecheap,,,25/08/2026 00:39
de0c8c38-f194-4963-83a3-41962a98e861,transmission.furniture,available,27.99,94.99,high,low,12,namesilo,,,27/09/2026 08:37
023eea51-6a17-4fbe-addc-de28554453c3,illuminate.furniture,available,23.98,127.98,high,low,10,namecheap,,,23/08/2026 02:47
dc057e9b-8524-49d6-8fe1-5d3f9d6e6257,joel.furniture,available,27.99,94.99,high,low,4,namesilo,,,24/09/2026 06:55
dd1fac02-6db8-4f92-8378-2b68732a7408,avaritia.furniture,available,27.99,94.99,medium,low,8,namesilo,,,21/09/2026 08:46
bf447c83-de5a-44f9-a7e0-33c163629dc2,routinely.furniture,available,23.98,127.98,medium,low,9,namecheap,,,16/09/2026 00:11
e41c25c5-6df8-4134-b747-6d8c42abb002,turin.furniture,available,27.99,94.99,high,low,5,namesilo,,,26/09/2026 00:26
9766674e-3976-4835-ba3e-fde9a3468b73,apophasis.furniture,available,23.98,127.98,medium,low,9,namecheap,,,19/09/2026 19:01
7f6a42d1-6fb1-4e5f-b808-eae83d1d6fcf,admirer.furniture,available,27.99,94.99,high,low,7,namesilo,,,17/09/2026 08:56
17c89e2d-c645-4b70-9e9d-f415046554df,postural.furniture,available,23.98,127.98,medium,low,8,namecheap,,,09/09/2026 00:40
977dad6c-1b0b-4b9e-af68-51139cf7f5aa,enabling.furniture,available,23.98,127.98,high,low,8,namecheap,,,16/08/2026 21:07
5cf46312-b15b-48f3-8f41-d2f499bc44ce,experiment.furniture,available,26.5,94.99,high,low,10,unstoppable,,,30/09/2026 21:03
41c6e99e-652a-4c59-8a61-70081d47b4e0,planet.furniture,available,27.99,94.99,high,medium,6,namesilo,,,25/09/2026 23:31
ca138553-6105-46c6-9361-06eed447ea64,physical.furniture,available,23.98,127.98,high,low,8,namecheap,,,08/09/2026 15:48
27cbbb54-bf4b-4724-acf9-59c0e3d8fbb3,dispose.furniture,available,80.2,80.2,high,low,7,cloudflare,,,29/09/2026 15:24
056a6647-0333-4dd9-a542-9628a3938977,antitoxin.furniture,available,23.98,127.98,medium,low,9,namecheap,,,19/09/2026 15:12
ddf02624-6098-44d0-a6e0-85a5807beaf1,rappel.furniture,available,27.99,94.99,medium,low,6,namesilo,,,16/09/2026 17:38
0cb4e495-e79a-46c9-b09f-e9273140cb8e,aetna.furniture,available,27.99,94.99,high,low,5,namesilo,,,30/09/2026 21:49
a953ee74-62a2-4e40-b3c8-4ee203b0bd5d,git.furniture,available,23.98,127.98,high,medium,3,namecheap,,,11/08/2026 09:25
83d54819-5c83-42c0-a0ca-a161031c0b6e,formation.furniture,available,20.9,82.76,high,low,9,spaceship,,,28/09/2026 05:38
6ae03106-b8a4-4bfc-bcf9-daf7f671113a,baldly.furniture,available,23.98,127.98,medium,low,6,namecheap,,,13/09/2026 23:11
7a3140f9-84fb-47e6-95fb-e48686f31a26,wandering.furniture,available,23.98,127.98,high,low,9,namecheap,,,25/09/2026 21:06
14f11a8c-490c-4fc5-b5dd-190ba4f42507,frenetic.furniture,available,23.98,127.98,medium,low,8,namecheap,,,18/08/2026 14:17
9981f426-2b13-479f-a412-6f4291fd136f,marble.furniture,available,80.2,80.2,high,low,6,cloudflare,,,30/09/2026 03:53
ccbbe56e-c583-4074-ba36-eaef0cf6573e,wedding.furniture,available,20.9,82.76,high,low,7,spaceship,,,29/09/2026 23:26
95d2c277-2c82-4445-9460-5522221592e4,rocklike.furniture,available,23.98,127.98,medium,low,8,namecheap,,,20/08/2026 18:00
a8fc7801-7c0d-4a76-9422-80ca0026e896,anciently.furniture,available,23.98,127.98,medium,low,9,namecheap,,,13/09/2026 19:42
70efefd3-a078-41b1-b478-787d63a3f634,yelling.furniture,available,26.5,,high,low,7,unstoppable,,,28/09/2026 06:53
b5186097-907c-4704-9adc-4aa0778ae624,arrive.furniture,available,80.2,80.2,high,low,6,cloudflare,,,30/09/2026 15:20
3c7465b7-352a-4069-8788-29f4d33deaf6,lumber.furniture,available,27.99,94.99,high,low,6,namesilo,,,22/09/2026 10:02
b0cacaa6-74b3-4f5a-9876-2bf2d977923d,species.furniture,available,27.99,94.99,high,low,7,namesilo,,,26/09/2026 00:22
b708b6b5-82de-4820-b727-53eaad915f9f,dowding.furniture,available,23.98,127.98,medium,low,7,namecheap,,,14/08/2026 17:10
ee939cf4-04e3-4786-bb89-d3e057ce9d2b,mean.furniture,available,23.98,127.98,high,low,4,namecheap,,,22/09/2026 18:47
9bb2a58b-c40b-4bd1-9e56-1cac54f7bb47,chant.furniture,available,27.99,94.99,high,low,5,namesilo,,,24/09/2026 13:41
9748bf47-b7f5-4189-bbbd-33dea97f5641,crt.furniture,available,23.98,127.98,high,low,3,namecheap,,,28/09/2026 18:38
4020003a-3ab9-4292-924a-8f7ecb580351,unstated.furniture,available,23.98,127.98,medium,low,8,namecheap,,,12/09/2026 09:45
a537c36e-ecdd-4b94-95f4-70cd33ce55c8,treble.furniture,available,23.98,127.98,high,low,6,namecheap,,,14/08/2026 16:41
fd311ebb-33df-4bca-84dc-28497503c038,hemisphere.furniture,available,20.9,82.76,high,low,10,spaceship,,,29/09/2026 06:17
f979e7d0-0bfb-4834-983d-f2b5bc288f75,wimbledon.furniture,available,80.2,80.2,medium,low,9,cloudflare,,,28/09/2026 20:48
c674e991-c93b-451f-9806-b9ac12959e26,boarded.furniture,available,39.99,,high,low,7,name.com,,,
e30f66ea-0474-4756-900e-1389980cb9bc,unscathed.furniture,available,23.98,127.98,high,low,9,namecheap,,,12/09/2026 12:03
aeb5bd84-133b-48df-82c1-3cafed1ae396,kleist.furniture,available,27.99,94.99,medium,low,6,namesilo,,,23/09/2026 09:54
1a959cf4-a650-4da4-8be3-321b6044bba0,muir.furniture,available,20.9,82.76,medium,low,4,spaceship,,,29/09/2026 19:25
78cf24c0-9155-419a-8111-8798748c7b82,sheep.furniture,available,27.99,94.99,high,low,5,namesilo,,,25/09/2026 10:41
3e7d38a3-2b5b-48dd-a21c-fe19896ad249,defender.furniture,available,26.5,,high,low,8,unstoppable,,,28/09/2026 18:56
8d2cc0d2-3f26-4b91-8c2f-4e14d010b78d,palladium.furniture,available,27.99,94.99,high,low,9,namesilo,,,20/09/2026 23:10
4a50c48f-323f-4d8c-a475-027a7ac819dd,carmichael.furniture,available,23.98,127.98,high,low,10,namecheap,,,28/09/2026 02:01
76f67784-e0be-4a63-956c-f1b90a6c99fa,unequalled.furniture,available,23.98,127.98,high,low,10,namecheap,,,12/09/2026 09:11
731a9237-fc98-461d-b391-d38d244d8624,foot.furniture,available,20.9,82.76,high,low,4,spaceship,,,28/09/2026 21:25
c9505a80-dc38-4b13-9e9f-ecd0fa7c87ca,bosnian.furniture,available,23.98,127.98,high,low,7,namecheap,,,10/08/2026 20:21
642c19d4-0202-4818-b446-be1e813e6e42,ada.furniture,available,80.2,80.2,high,medium,3,cloudflare,,,28/09/2026 18:12
d3fbb499-3fa8-496f-b18c-827b7d80c28b,scorn.furniture,available,27.99,94.99,medium,low,5,namesilo,,,24/09/2026 17:41
31433bc6-46a0-47ed-8907-4fb29341329e,bioko.furniture,available,23.98,127.98,medium,low,5,namecheap,,,23/09/2026 18:17
06e110cf-ffc3-4fc2-ba1d-0160757620f6,shrewsbury.furniture,available,20.9,82.76,medium,low,10,spaceship,,,27/09/2026 19:32
4e12dc52-374c-4750-8fb4-c5a290e61f8f,derogative.furniture,available,23.98,127.98,medium,low,10,namecheap,,,14/08/2026 03:10
6d55192b-f80d-48e7-97ff-7cce69397da2,carmen.furniture,available,27.99,94.99,high,low,6,namesilo,,,27/09/2026 01:37
03b9b725-a072-4732-ab28-3a23a015d18b,pneumatic.furniture,available,23.98,127.98,high,low,9,namecheap,,,08/09/2026 22:06
3eb77b7f-336d-4b34-bee6-40e939b9930b,body.furniture,available,27.99,94.99,high,low,4,namesilo,,,24/09/2026 06:32
7cd54684-ad2b-45c3-8b21-3b14d5ececdb,hacked.furniture,available,27.99,94.99,medium,low,6,namesilo,,,29/09/2026 17:39
16f4ec9e-92fc-4b76-b81c-e5df03c6a488,rubbed.furniture,available,23.98,127.98,medium,low,6,namecheap,,,17/09/2026 07:54
a5f610da-693e-409c-9d51-8b304f9e4b07,cosily.furniture,available,23.98,127.98,high,low,6,namecheap,,,14/09/2026 08:50
df0c75ba-d9a2-47b0-b234-5eb4317c0216,dispense.furniture,available,23.98,127.98,high,low,8,namecheap,,,01/10/2026 04:11
bd9ff046-be80-4624-91b1-1b93b614890d,botticelli.furniture,available,27.99,94.99,high,low,10,namesilo,,,18/09/2026 05:31
880578df-eee1-4baf-8694-dfbe8c3b0029,command.furniture,available,23.98,127.98,high,low,7,namecheap,,,23/09/2026 13:28
30405826-8053-4f95-85e9-96e2d857d143,tamar.furniture,available,80.2,80.2,high,low,5,cloudflare,,,29/09/2026 15:34
8e10e692-5e0c-41de-bcc4-8359aaa19f65,reporter.furniture,available,27.99,94.99,high,low,8,namesilo,,,25/09/2026 09:33
2cda2786-69f2-4b82-8327-9492fca09b15,acinus.furniture,available,27.99,94.99,medium,low,6,namesilo,,,17/09/2026 01:46
63bdc273-a2f3-489c-9a40-0016c6210ff3,eclectic.furniture,available,23.98,127.98,high,low,8,namecheap,,,14/08/2026 23:43
643a62c8-ca54-4703-9782-9719827e5093,constitute.furniture,available,27.99,94.99,high,low,10,namesilo,,,29/09/2026 13:09
de444691-ed53-4348-8df8-f9f2d3132fc4,sharma.furniture,available,21.59,85.01,high,low,6,dynadot,,,28/09/2026 03:27
a82eda22-811f-4049-8597-521d43aa4866,concise.furniture,available,23.98,127.98,high,low,7,namecheap,,,23/09/2026 19:03
9954c91c-ddcb-4229-a1ba-00128d5df565,threaten.furniture,available,27.99,94.99,high,low,8,namesilo,,,27/09/2026 04:46
c845d6c6-4b94-4806-8229-c035b5b1fa4f,shipley.furniture,available,27.99,94.99,medium,low,7,namesilo,,,29/09/2026 09:53
302b5e6a-4494-45c7-8f98-7c314308242d,ableism.furniture,available,27.99,94.99,medium,low,7,namesilo,,,16/09/2026 16:10
c4d27245-47d7-46b7-8f94-335d80dfea16,succinctly.furniture,available,23.98,127.98,medium,low,10,namecheap,,,16/09/2026 07:34
c6fb6166-ad59-4bea-bd8f-6852df5a1429,breezily.furniture,available,23.98,127.98,medium,low,8,namecheap,,,14/09/2026 01:28
83ea3165-1d70-4916-a1ad-73055c95c396,monitored.furniture,available,20.9,82.76,medium,low,9,spaceship,,,29/09/2026 10:56
97098154-6f42-4af0-b316-847fbea3587f,participate.furniture,available,21.59,85.01,high,low,11,dynadot,,,28/09/2026 07:01
d891e656-b519-4c78-b1cb-2101456eedf0,spunky.furniture,available,23.98,127.98,high,low,6,namecheap,,,18/08/2026 00:49
1e3649c2-b0ec-4ddd-9f85-d11b3c2cb962,ventilation.furniture,available,27.99,94.99,medium,low,11,namesilo,,,29/09/2026 04:52
40650b7b-7ef4-4e14-9451-10e8a735b596,portray.furniture,available,20.9,82.76,high,low,7,spaceship,,,30/09/2026 11:22
33e24b37-e746-4c45-a326-2ff55bfaf345,cohomology.furniture,available,27.99,94.99,medium,low,10,namesilo,,,30/09/2026 15:06
69cd0b85-59a8-488a-b342-9fef123988ae,forwards.furniture,available,23.98,127.98,high,low,8,namecheap,,,18/08/2026 12:49
3fbdb5d1-5791-49e5-a3c1-1fe8d1b76bd6,guts.furniture,available,20.9,82.76,high,low,4,spaceship,,,29/09/2026 21:51
38e32df6-27b0-4925-abd5-ab6828715f7e,management.furniture,available,39.99,151.99,high,low,10,name.com,,,19/09/2026 14:24
f1f73e77-bb78-414f-b50e-666abe501266,lightning.furniture,available,27.99,94.99,high,medium,9,namesilo,,,27/09/2026 14:47
85a01632-360a-43e8-b924-6473dbec7073,wellborn.furniture,available,23.98,127.98,medium,low,8,namecheap,,,13/09/2026 10:42
16449269-5d34-446d-89c6-8457aab32ba7,tribe.furniture,available,23.98,127.98,high,medium,5,namecheap,,,22/08/2026 16:07
dc58b7d1-fe34-4851-843e-8836183f677b,calamity.furniture,available,23.98,127.98,medium,low,8,namecheap,,,30/09/2026 16:33
d4eff587-3ea4-407c-908c-1cbc208cd143,newly.furniture,available,23.98,127.98,high,low,5,namecheap,,,18/08/2026 15:17
06791956-3d25-4cd8-8687-13d2441accc0,signify.furniture,available,21.59,85.01,high,low,7,dynadot,,,30/09/2026 19:13
b42f5ee8-24a5-41c6-95f0-5974a9b51472,rutgers.furniture,available,23.98,127.98,high,low,7,namecheap,,,25/09/2026 20:41
06a2c24c-7bf4-44a7-8e61-d299ab4641a7,royalty.furniture,available,20.9,82.76,high,low,7,spaceship,,,28/09/2026 06:43
545e71fb-ab9e-4838-9d22-fba272f15338,rating.furniture,available,20.9,82.76,high,low,6,spaceship,,,28/09/2026 19:08
68e49d1a-1b8c-4d5e-9577-f66e1181d219,lustfully.furniture,available,23.98,127.98,medium,low,9,namecheap,,,15/09/2026 13:12
70d30757-232d-498a-b8a7-c1e89ca41958,adult.furniture,available,23.98,127.98,high,low,5,namecheap,,,21/09/2026 19:57
64bac9bc-2bb3-4b05-8c5b-b2786f45981b,cleft.furniture,available,23.98,127.98,high,low,5,namecheap,,,12/08/2026 10:39
c17aa67c-21b5-4297-b1c8-fde8ee10a1a7,xxxii.furniture,available,23.98,127.98,medium,low,5,namecheap,,,
0ec67634-3657-43f4-b8fb-0518e8a3bfb5,manual.furniture,available,27.99,94.99,high,low,6,namesilo,,,25/09/2026 16:42
62b78ba1-585d-4143-aa38-ab4b4528d108,tipsy.furniture,available,23.98,127.98,high,low,5,namecheap,,,11/09/2026 15:38
dd418dfe-3306-409e-a9c2-c979bfc75f23,mercuric.furniture,available,23.98,127.98,medium,low,8,namecheap,,,24/08/2026 20:40
9a9458c7-d372-4f58-89d5-a5a7b43cfdb5,homeless.furniture,available,23.98,127.98,high,low,8,namecheap,,,14/08/2026 12:07
79c06618-4a42-4acc-b90f-978aed4a9818,dissection.furniture,available,27.99,94.99,high,low,10,namesilo,,,24/09/2026 23:04
5d05aa59-4bbc-47b6-b06f-64da5ac46245,azalea.furniture,available,27.99,94.99,high,low,6,namesilo,,,21/09/2026 11:00
4bbdd72e-bd58-4bfa-9c0f-680925a3a440,interruption.furniture,available,80.2,80.2,medium,low,12,cloudflare,,,29/09/2026 15:58
465ce006-bbcb-4217-97a4-9b5355fc57ad,dye.furniture,available,27.99,94.99,high,low,3,namesilo,,,29/09/2026 17:21
5040c4b1-6a54-4498-a5f9-3ffd783d8b73,freshwater.furniture,available,27.99,94.99,high,low,10,namesilo,,,30/09/2026 17:24
3c31697c-e5af-470b-9ae0-ecfb019dc64c,mcleod.furniture,available,27.99,94.99,high,low,6,namesilo,,,27/09/2026 06:53
917aed67-0182-4dba-8058-aee54ae97020,ampersand.furniture,available,23.98,127.98,high,low,9,namecheap,,,18/09/2026 23:09
82c117ca-04e2-43c6-93e5-d766d71c880c,said.furniture,available,21.59,85.01,high,low,4,dynadot,,,30/09/2026 23:01
31c092c2-fd88-4bf1-9349-4d5161fd15ad,disappearance.furniture,available,20.9,82.76,medium,low,13,spaceship,,,28/09/2026 04:24
d93ed83e-201e-4362-99b9-87d6638191e9,pedestal.furniture,available,23.98,127.98,high,low,8,namecheap,,,29/09/2026 12:23
53ef15b6-d5c5-48f2-b46c-505f0154f50c,transient.furniture,available,23.98,127.98,high,low,9,namecheap,,,24/09/2026 14:26
affaa29d-b75e-43cf-8ed8-6aca4b101839,tradition.furniture,available,21.11,82.9,high,low,9,porkbun,,,30/09/2026 13:45
17ecb0b2-c228-4680-a4fa-e8a6a99d07cf,dives.furniture,available,39.99,,high,low,5,name.com,,,
71dac013-1c74-45c7-88c4-47f69ea9c0e4,albizia.furniture,available,27.99,94.99,high,low,7,namesilo,,,18/09/2026 03:01
ba656e07-00d6-467b-982e-f653871ffa0f,terrain.furniture,available,21.59,85.01,high,low,7,dynadot,,,28/09/2026 20:36
ee6bc1bb-2249-49ec-808c-8cf0bf1b58c1,mackinnon.furniture,available,23.98,127.98,medium,low,9,namecheap,,,30/09/2026 04:33
9a6956d5-661c-45fc-a8cb-ccae2f62f7a4,stranded.furniture,available,27.99,94.99,high,low,8,namesilo,,,25/09/2026 17:00
301b24af-e027-428a-bfcb-d8235aeb40ad,glace.furniture,available,23.98,127.98,medium,low,5,namecheap,,,13/08/2026 09:46
5a6247f6-6dd9-417f-9aec-f90850f383e9,raise.furniture,available,27.99,94.99,high,low,5,namesilo,,,24/09/2026 14:55
4474e9de-c0c0-4a0f-88a3-a816726c7212,violated.furniture,available,23.98,127.98,medium,low,8,namecheap,,,27/09/2026 07:04
46ea7184-60ed-4955-b5cc-8bbbdd259cbb,chauffeur.furniture,available,20.9,82.76,high,low,9,spaceship,,,29/09/2026 11:53
89f2177d-e7ef-4e95-9193-a2da46e10ff8,bayat.furniture,available,23.98,127.98,medium,low,5,namecheap,,,22/09/2026 17:57
b1ca934d-0208-462c-8b29-84d55269e979,system.furniture,available,20.9,82.76,high,medium,6,spaceship,,,30/09/2026 20:45
f5fbc3a4-8271-44af-b661-a50583b17329,highbrow.furniture,available,23.98,127.98,medium,low,8,namecheap,,,21/08/2026 09:09
13b400cf-b3ab-42a7-b976-5d152bfac279,badness.furniture,available,23.98,127.98,medium,low,7,namecheap,,,08/08/2026 07:23
1aa7aa55-2822-48fe-a1d9-512ebdfa0ad5,bellows.furniture,available,27.99,94.99,high,low,7,namesilo,,,23/09/2026 06:26
85a0dc44-91a9-408f-bdd3-4e2cc5b6d06c,balaena.furniture,available,23.98,127.98,medium,low,7,namecheap,,,21/09/2026 20:30
074d6cfa-a6af-4daa-842c-1162a65a5499,jilted.furniture,available,23.98,127.98,medium,low,6,namecheap,,,22/08/2026 13:23
7b57c0c8-0acf-4722-ace8-77edb9f86760,avid.furniture,available,23.98,127.98,high,low,4,namecheap,,,07/08/2026 23:21
4642155a-9ef2-4311-890a-4502eb7df9d2,appease.furniture,available,23.98,127.98,high,low,7,namecheap,,,18/08/2026 22:08
4a8207a0-9e56-429d-a0e7-a44a8f242e2a,sooner.furniture,available,23.98,127.98,high,low,6,namecheap,,,15/09/2026 21:16
d9b0647c-6ace-4401-acd5-6839feae3d5c,resignation.furniture,available,39.99,,high,low,11,name.com,,,
a8376324-b08d-45ec-99f0-96185cb8bc67,shoreline.furniture,available,27.99,94.99,high,low,9,namesilo,,,30/09/2026 11:01
7095ec4c-8140-47d3-a5dc-5b8f60de09a5,see.furniture,available,27.99,94.99,high,medium,3,namesilo,,,24/09/2026 16:46
acfad628-75c5-49f8-8968-d979ed537730,trna.furniture,available,23.98,127.98,high,low,4,namecheap,,,16/09/2026 22:03
2a9b7631-2afc-43c1-9649-d25da568089e,aery.furniture,available,23.98,127.98,high,low,4,namecheap,,,
f0441639-7ab7-44c7-a077-839c5e428ef6,vaccination.furniture,available,39.99,,high,low,11,name.com,,,
9d530364-657d-4476-bf7a-a06ee3e3f13f,abashed.furniture,available,23.98,127.98,medium,low,7,namecheap,,,
74b1c9bb-fbbf-4017-bd7d-cf3f85ba9088,basket.furniture,available,20.9,82.76,high,low,6,spaceship,,,29/09/2026 01:26
d95773c4-5406-4f44-9dd9-d21d2b0fd35e,betting.furniture,available,23.98,127.98,high,low,7,namecheap,,,09/08/2026 18:14
9acc3ef1-930d-4f99-a4d2-abeba1f92690,yule.furniture,available,27.99,94.99,high,low,4,namesilo,,,24/09/2026 14:52
083f49f3-ea31-4a18-8fc4-b74843d3ac0f,futurity.furniture,available,23.98,127.98,medium,low,8,namecheap,,,18/08/2026 19:11
e2de2330-f76b-4131-b07d-009c15ae9ff4,undefined.furniture,available,23.98,127.98,high,low,9,namecheap,,,12/09/2026 07:13
f2b4365e-a6e1-4216-b69e-51bb6a05e79c,obstruct.furniture,available,27.99,94.99,medium,low,8,namesilo,,,01/10/2026 01:09
3de4533f-a1d6-499e-a335-bb8228f9f4e2,glances.furniture,available,39.99,151.99,medium,low,7,name.com,,,18/09/2026 02:11
e91ab8ab-1f35-4f38-8939-9dc4f2773425,appearance.furniture,available,23.98,127.98,high,low,10,namecheap,,,08/09/2026 12:55
8dc3f3d1-bd1b-4978-b794-34df62d44ff5,mileage.furniture,available,27.99,94.99,high,low,7,namesilo,,,29/09/2026 12:25
9e7aa9d5-41cd-46fe-9dd4-08178d983a0b,streaming.furniture,available,26.5,82.9,high,low,9,unstoppable,,,01/10/2026 03:24
6a7b4637-5063-4c67-8fc1-6190080a77ee,credit.furniture,available,80.2,80.2,high,low,6,cloudflare,,,29/09/2026 09:26
d5b0bdee-49ac-4216-bb8e-1a792fd418b6,decolor.furniture,available,27.99,94.99,medium,low,7,namesilo,,,24/09/2026 05:10
3bda948e-7e6d-45b3-bdeb-b04d32ea6f77,friar.furniture,available,23.98,127.98,medium,low,5,namecheap,,,24/08/2026 20:10
4f5a435c-b45e-46f8-988e-ee98bc524775,retainer.furniture,available,26.5,,high,low,8,unstoppable,,,30/09/2026 02:42
5e1d52bd-86a3-4b4d-a337-448fd976ba62,basle.furniture,available,27.99,94.99,medium,low,5,namesilo,,,22/09/2026 10:14
9a36560f-0997-4ce1-8a3d-53aacbc84edc,commander.furniture,available,27.99,94.99,high,low,9,namesilo,,,17/09/2026 22:14
dd009fd2-00af-477e-af5e-778453d697d1,haworth.furniture,available,21.11,82.9,medium,low,7,porkbun,,,29/09/2026 19:08
582ff941-b9c6-4e66-b1ac-a71893cf7555,applications.furniture,available,27.99,94.99,medium,low,12,namesilo,,,28/09/2026 23:10
9e136d2c-bd39-44a9-8b2c-2ffb7fc713f6,leia.furniture,available,39.99,,high,low,4,name.com,,,
d59218e5-435a-4bef-b32d-a6c7ea3c2563,experience.furniture,available,21.11,82.9,high,medium,10,porkbun,,,29/09/2026 18:39
2ba7166a-4f61-4b1d-8d5f-4a9980193dbe,vicksburg.furniture,available,23.98,127.98,medium,low,9,namecheap,,,28/09/2026 03:05
49f3e70b-f815-406e-a7f4-eb9a90aa5f14,labels.furniture,available,27.99,94.99,medium,low,6,namesilo,,,18/09/2026 17:28
94a6bb24-5b61-493d-82ec-b669d78651a6,pollock.furniture,available,27.99,94.99,high,low,7,namesilo,,,29/09/2026 13:11
407bf1d1-900f-4f62-81ad-25fe2ec27314,demonstrated.furniture,available,27.99,94.99,medium,low,12,namesilo,,,17/09/2026 21:56
4ada29e3-c6c7-4b9e-8303-45a0f4569cf1,perimeter.furniture,available,20.9,82.76,high,low,9,spaceship,,,28/09/2026 01:41
29084481-8360-4ebc-83a0-4adc8e41496c,arnhem.furniture,available,39.99,151.99,medium,low,6,name.com,,,20/09/2026 08:09
af78944e-5f02-4fab-9970-b9cb0d631d2c,extrovert.furniture,available,23.98,127.98,high,low,9,namecheap,,,17/08/2026 19:27
4d991c52-86dc-4678-bf02-b922ab3f2084,hydropower.furniture,available,23.98,127.98,high,low,10,namecheap,,,29/09/2026 10:23
5540175a-806c-491d-bc6d-5825940a6514,neurons.furniture,available,26.5,,medium,low,7,unstoppable,,,30/09/2026 06:54
1f4c7dc2-28a2-46f8-89ab-82138dad025c,akha.furniture,available,27.99,94.99,medium,low,4,namesilo,,,17/09/2026 23:55
8dc2eb0d-7998-4661-a659-8af4f3b9d27a,puff.furniture,available,23.98,127.98,high,low,4,namecheap,,,09/09/2026 05:34
206cc625-bdbb-4a59-91cc-3c94bf1d6ec6,adorer.furniture,available,27.99,94.99,medium,low,6,namesilo,,,17/09/2026 09:45
4c6ad54d-466c-477e-81a9-b47af32d5ab5,painter.furniture,available,20.9,82.76,high,low,7,spaceship,,,27/09/2026 12:44
3594e4fd-5bad-4583-a692-55120f8b6a21,youngest.furniture,available,39.99,,high,low,8,name.com,,,
b7434420-d672-421e-8a30-9d601f70b9e4,allocator.furniture,available,27.99,94.99,high,low,9,namesilo,,,18/09/2026 11:47
077b1f76-8aa9-48e4-9cc1-e4ca647833c4,robyn.furniture,available,21.59,85.01,high,low,5,dynadot,,,29/09/2026 22:07
5d6e70df-b04e-4c60-a407-9f7f516cdae9,valiantly.furniture,available,27.99,94.99,medium,low,9,namesilo,,,16/09/2026 10:36
fe4b9723-4006-48bb-95df-d9d82fe55627,champlain.furniture,available,20.9,82.76,medium,low,9,spaceship,,,28/09/2026 01:38
0797c9b5-9eff-440f-a611-cbc862b3e216,possess.furniture,available,27.99,94.99,high,low,7,namesilo,,,26/09/2026 03:38
d147bfdd-d57b-4866-b118-ea338fed7b4e,loaf.furniture,available,23.98,127.98,high,low,4,namecheap,,,11/09/2026 08:31
13057d6d-2496-4a27-8a38-58bd23939b70,impeccable.furniture,available,23.98,127.98,high,low,10,namecheap,,,18/08/2026 00:09
86eb075a-85b7-4ad5-8cae-991b7316d152,custody.furniture,available,23.98,127.98,high,low,7,namecheap,,,24/09/2026 20:41
fc47cbb9-5924-4b80-b240-3c250744c5c1,analphabet.furniture,available,23.98,127.98,medium,low,10,namecheap,,,
cac8dd75-bd97-49b1-9746-15fc1e8e45fb,jeremy.furniture,available,27.99,94.99,high,low,6,namesilo,,,27/09/2026 10:46
3e98934f-f138-4941-a9f4-fc9095422d23,bullet.furniture,available,20.9,82.76,high,low,6,spaceship,,,29/09/2026 05:18
4e275d2f-5ae9-40f5-93fe-0fad3e931315,upriver.furniture,available,23.98,127.98,medium,low,7,namecheap,,,12/09/2026 23:26
256c900b-75dd-485d-af25-97832873d3fc,rebuild.furniture,available,80.2,80.2,high,low,7,cloudflare,,,28/09/2026 06:58
8a4260e7-9a29-446a-9fc0-50fb1da6acd4,tractive.furniture,available,23.98,127.98,medium,low,8,namecheap,,,11/09/2026 18:40
a3dcb8af-9597-43cc-9a68-8c88074a5ba7,accident.furniture,available,80.2,80.2,medium,low,8,cloudflare,,,28/09/2026 17:24
5d01f451-4236-43f6-b8d0-f95edd809ca9,blood.furniture,available,27.99,94.99,high,low,5,namesilo,,,27/09/2026 03:17
f3fb2c6d-0e3e-4e64-9e29-8b0befbff671,rockefeller.furniture,available,27.99,94.99,high,low,11,namesilo,,,25/09/2026 12:15
31df74b5-f347-4e0a-987a-167e73f473b7,academia.furniture,available,27.99,94.99,high,low,8,namesilo,,,28/09/2026 08:49
1b635169-22d8-49af-ac1c-fc3b6a62e010,dabbled.furniture,available,39.99,151.99,medium,low,7,name.com,,,13/08/2026 15:12
27fb374d-0cfb-4850-a8b6-e7e5ec6763d4,emir.furniture,available,39.99,151.99,high,low,4,name.com,,,18/09/2026 17:55
aef9b2f9-f844-4019-b2ec-2af4a8dc9941,antonia.furniture,available,26.5,,medium,low,7,unstoppable,,,28/09/2026 16:29
09fe3892-b5de-4bca-89a5-6c551bd2a1d4,berm.furniture,available,27.99,94.99,medium,low,4,namesilo,,,23/09/2026 09:41
2babcfad-d2c3-4cb9-988e-8c0acdaba183,chunks.furniture,available,27.99,94.99,medium,low,6,namesilo,,,18/09/2026 14:56
210f4478-8b37-460b-9d15-c7b82d76f794,tiny.furniture,available,27.99,94.99,high,medium,4,namesilo,,,22/09/2026 17:13
1224b343-ccce-4a79-8fda-8c27c8056190,alarum.furniture,available,27.99,94.99,medium,low,6,namesilo,,,18/09/2026 02:00
b7d9bd55-f794-49af-b65f-591b72af0648,addison.furniture,available,27.99,94.99,medium,low,7,namesilo,,,29/09/2026 23:23
8b059527-06c8-48d7-92ee-6975b8ad1e91,chiang.furniture,available,27.99,94.99,medium,low,6,namesilo,,,25/09/2026 16:34
3b9c9fb8-0e3e-450d-b1d9-067249129198,freezing.furniture,available,27.99,94.99,high,low,8,namesilo,,,25/09/2026 06:10
ae4d8a6d-6e35-4c96-9875-bf8a1d87e7cc,xxxiii.furniture,available,23.98,127.98,medium,low,6,namecheap,,,
3ad98cd2-49ab-40d9-99ff-fc2e846b2f2f,fumbling.furniture,available,23.98,127.98,medium,low,8,namecheap,,,11/08/2026 10:05
dd0f5a1b-0088-49ea-80ff-0c1d7c373b46,peevish.furniture,available,23.98,127.98,medium,low,7,namecheap,,,22/08/2026 10:21
dfd37a0e-41ab-4764-895a-8f0661381886,detached.furniture,available,27.99,94.99,medium,low,8,namesilo,,,24/09/2026 07:07
c408855c-9367-4c3a-b6c8-81bf735c0822,roddy.furniture,available,23.98,127.98,medium,low,5,namecheap,,,30/09/2026 20:26
16e17c1e-b856-4638-9478-8b4054f34f4c,lgbt.furniture,available,20.9,82.76,high,low,4,spaceship,,,28/09/2026 17:00
108331eb-3807-457f-a737-413fdbe2a79c,corvine.furniture,available,23.98,127.98,medium,low,7,namecheap,,,13/08/2026 02:37
7e295751-ed30-46a2-9d6e-935428452db6,devoured.furniture,available,23.98,127.98,low,low,8,namecheap,,,19/09/2026 23:51
5076f085-3c00-4528-b8a6-6867c398247c,professors.furniture,available,26.5,,medium,low,10,unstoppable,,,29/09/2026 11:19
071ff68d-d861-47ef-b811-fe598f910524,crook.furniture,available,23.98,127.98,medium,low,5,namecheap,,,13/08/2026 06:27
040dbe52-1a3f-4e69-b8dd-b68c13b7dd08,mermaid.furniture,available,20.9,82.76,high,low,7,spaceship,,,29/09/2026 07:36
5e2757c3-9ff8-48dd-ab6e-61a8d0d78ab6,deserted.furniture,available,23.98,127.98,medium,low,8,namecheap,,,
18e3b598-1f75-4319-a9fd-b5d7b8556fc0,rivals.furniture,available,23.98,127.98,medium,low,6,namecheap,,,20/09/2026 05:05
b12a47f5-49a8-4175-9b5f-8490b0d97167,jon.furniture,available,27.99,94.99,high,low,3,namesilo,,,25/09/2026 14:02
9a70f5ae-1319-4d88-800d-f35a13d11291,lowered.furniture,available,27.99,94.99,medium,low,7,namesilo,,,25/09/2026 15:26
1561496d-b07a-4f53-9177-0b3d82e2e123,townsite.furniture,available,26.5,,high,low,8,unstoppable,,,30/09/2026 12:32
f662d1fa-df8c-4daf-bfab-c06e0e4005f5,semipublic.furniture,available,23.98,127.98,medium,low,10,namecheap,,,10/09/2026 03:17
4d458427-9239-458a-be49-dbe7d2ade0b6,practising.furniture,available,26.5,,high,low,10,unstoppable,,,30/09/2026 04:09
a22c2968-c1e4-4530-a9c0-a0fb544e7524,perturb.furniture,available,23.98,127.98,medium,low,7,namecheap,,,24/09/2026 22:49
32a56fe4-9624-4c41-9827-326c051af975,ballista.furniture,available,27.99,94.99,medium,low,8,namesilo,,,20/09/2026 00:35
eb47ccd1-26e0-461f-86ec-012c8738e78b,uniform.furniture,available,27.99,94.99,high,low,7,namesilo,,,19/09/2026 05:41
ea8fd0f5-f709-466c-a1cb-bdd98cf98633,tighten.furniture,available,20.9,82.76,high,low,7,spaceship,,,29/09/2026 14:16
c05616ce-3b18-4943-8962-fdb7ce3a73e8,gaon.furniture,available,26.5,,high,low,4,unstoppable,,,30/09/2026 19:42
d057c6de-99c2-4d19-a280-001dbd8f1c2f,ascendancy.furniture,available,23.98,127.98,high,low,10,namecheap,,,20/09/2026 13:06
1697d8cd-fa7f-4f17-96b0-cb1c4d723f6f,hock.furniture,available,23.98,127.98,high,low,4,namecheap,,,09/09/2026 16:33
abf866f7-36ea-48f5-9b13-33853f53700e,gareth.furniture,available,20.9,82.76,high,low,6,spaceship,,,29/09/2026 21:28
2e3d9c1d-a944-4c41-9959-11eb023c5635,overdose.furniture,available,27.99,94.99,medium,low,8,namesilo,,,29/09/2026 02:45
83e170de-d9a8-42fe-8c3f-bf4b853f7b80,autostrada.furniture,available,27.99,94.99,medium,low,10,namesilo,,,21/09/2026 07:54
f7234c3c-6087-4caa-94aa-0a112dc6c214,errors.furniture,available,27.99,94.99,medium,low,6,namesilo,,,17/09/2026 17:09
8d9edef6-3f71-4378-a099-710990fdb058,multiform.furniture,available,23.98,127.98,high,low,9,namecheap,,,03/09/2026 10:41
61dd0eba-8b5d-490b-9866-cf5efbe416ab,spacing.furniture,available,21.59,85.01,high,low,7,dynadot,,,30/09/2026 18:47
0a6b6e79-36b2-4b7e-87d2-80cac395dfe2,liquefied.furniture,available,23.98,127.98,medium,low,9,namecheap,,,23/08/2026 22:01
d65463ff-4467-48f2-bcea-ed2e4fb6103f,bawl.furniture,available,27.99,94.99,medium,low,4,namesilo,,,23/09/2026 06:25
bb3540ec-add9-4c56-9102-70f655133fad,lapse.furniture,available,27.99,94.99,high,low,5,namesilo,,,27/09/2026 14:20
8ff0b28b-427a-45bb-8ed1-0327e1e5e680,wall.furniture,available,27.99,94.99,high,low,4,namesilo,,,28/09/2026 08:42
dc86e154-e602-4dac-a195-10219d49583b,filthy.furniture,available,23.98,127.98,high,low,6,namecheap,,,13/08/2026 08:46
ffd5bff0-fda9-4f38-b7fa-95db300d0627,invention.furniture,available,23.98,127.98,high,low,9,namecheap,,,28/09/2026 02:09
5b9cdd1e-c69b-4250-ace7-e5698c259ae9,decrepit.furniture,available,23.98,127.98,medium,low,8,namecheap,,,13/08/2026 05:40
2a7a1555-4053-4ee6-91f4-a87867b2af0d,serene.furniture,available,23.98,127.98,high,low,6,namecheap,,,11/08/2026 14:51
9b5b0f35-13b4-4e7d-b9d2-b78861b443d8,lebanese.furniture,available,23.98,127.98,high,low,8,namecheap,,,22/08/2026 22:15
95441d4a-c193-4d70-8652-fba0b2180da6,scold.furniture,available,27.99,94.99,high,low,5,namesilo,,,24/09/2026 16:34
08f8000e-3f75-425f-9a72-021e2d1931d6,spying.furniture,available,26.5,,medium,low,6,unstoppable,,,29/09/2026 06:49
560559e3-fb44-4763-a8a1-499770334186,basalt.furniture,available,23.98,127.98,medium,low,6,namecheap,,,22/09/2026 09:53
60a2d638-3aed-4a3a-971c-1410b63333dd,affiliated.furniture,available,23.98,127.98,high,low,10,namecheap,,,
e1a8efd9-ab57-4acd-a562-166a21fb363f,nylon.furniture,available,27.99,94.99,high,low,5,namesilo,,,30/09/2026 10:38
7ae4f3d5-6161-4b0a-a609-afdcef20d746,pushes.furniture,available,20.9,82.76,low,low,6,spaceship,,,29/09/2026 06:04
f25b612e-e268-4216-801b-9771f4d8419b,crawl.furniture,available,27.99,94.99,high,low,5,namesilo,,,21/09/2026 04:48
fdd2bd4a-7d13-4264-82e5-5bd470ce15a2,pilgrimage.furniture,available,20.9,82.76,high,low,10,spaceship,,,29/09/2026 20:00
f7f626d0-0046-4411-a9d4-0214edfe552f,dias.furniture,available,27.99,94.99,high,low,4,namesilo,,,22/09/2026 09:17
17b7352f-f1a6-439c-b4a6-4495d83fa81e,combo.furniture,available,26.5,,high,low,5,unstoppable,,,30/09/2026 09:14
73174d73-072c-4fe3-b3dd-3503e5ec292b,redemption.furniture,available,27.99,94.99,high,low,10,namesilo,,,29/09/2026 05:37
29962a17-01e2-4125-ae0c-4e866646ab0c,edirne.furniture,available,27.99,94.99,medium,low,6,namesilo,,,17/09/2026 10:01
549c56a3-26f8-4821-9535-67f1d541d241,depraved.furniture,available,23.98,127.98,medium,low,8,namecheap,,,14/08/2026 02:29
a5b2d8a5-802e-41d0-b653-ccdd60807d5f,hectic.furniture,available,23.98,127.98,high,low,6,namecheap,,,18/08/2026 03:09
873a7452-3712-4fc5-ba5f-36ad1e55819b,eugenic.furniture,available,23.98,127.98,medium,low,7,namecheap,,,17/08/2026 14:11
9d1f08be-0d77-4fc0-8ed2-a03514a3f8c9,modernist.furniture,available,27.99,94.99,high,low,9,namesilo,,,27/09/2026 04:47
fe576453-21bb-4155-8124-e6bf1bc0545f,reaction.furniture,available,23.98,127.98,high,low,8,namecheap,,,24/09/2026 14:16
fb37734c-2ae4-4cb4-a94c-e288ef1d449e,sailor.furniture,available,20.9,82.76,high,low,6,spaceship,,,29/09/2026 03:02
02d2e9a0-4e9a-49ab-8d98-839642cbccf6,credibly.furniture,available,23.98,127.98,medium,low,8,namecheap,,,14/09/2026 09:26
df950776-a736-4345-b8d9-37c3afb3acec,righted.furniture,available,27.99,94.99,medium,low,7,namesilo,,,20/09/2026 15:58
752c37b1-34f2-4514-bbea-7f6085d0d2bf,anodic.furniture,available,23.98,127.98,high,low,6,namecheap,,,
91328778-55ad-4748-828c-3ccf0da161f9,restive.furniture,available,23.98,127.98,medium,low,7,namecheap,,,15/08/2026 09:28
b1190413-a217-40c8-8ae1-a424bff18b59,martial.furniture,available,23.98,127.98,high,low,7,namecheap,,,24/08/2026 16:36
563541bd-37de-4917-837d-8a70143c131c,scary.furniture,available,23.98,127.98,high,low,5,namecheap,,,12/08/2026 05:23
66ee57ec-cf1d-4e14-b1b4-dc9e622e0423,machines.furniture,available,80.2,80.2,medium,low,8,cloudflare,,,29/09/2026 03:31
e51b891b-087a-43f2-aea1-bc8338a0f071,stealthy.furniture,available,23.98,127.98,medium,low,8,namecheap,,,18/08/2026 19:00
e989a3a6-c8fa-45f3-b462-42742a116aa0,arrays.furniture,available,27.99,94.99,medium,low,6,namesilo,,,20/09/2026 09:17
532834cf-b233-41d6-9043-5b4dacf899c7,bcs.furniture,available,23.98,127.98,high,low,3,namecheap,,,29/09/2026 15:15
addde744-3cc9-4935-920d-2b232f64dba7,molecules.furniture,available,39.99,,medium,low,9,name.com,,,
4ad36182-dbc3-4a25-bb97-e5841892762f,nordic.furniture,available,23.98,127.98,high,low,6,namecheap,,,03/09/2026 21:09
78f9a53b-8075-4007-af88-23c8fabb8f34,fresh.furniture,available,27.99,94.99,high,medium,5,namesilo,,,23/09/2026 01:54
350ceeb0-b1fc-4f74-aa0c-1a1846861ff2,automat.furniture,available,27.99,94.99,high,low,7,namesilo,,,21/09/2026 06:52
666babb9-4010-4c8d-b3a0-424ea18c9c95,sternberg.furniture,available,26.5,,medium,low,9,unstoppable,,,29/09/2026 15:45
75753846-973d-4eae-bcc9-0e0e0051bce2,prepare.furniture,available,23.98,127.98,high,low,7,namecheap,,,27/09/2026 10:25
ab520a87-4ff7-4ab3-89ac-58802786f131,distrust.furniture,available,27.99,94.99,high,low,8,namesilo,,,24/09/2026 23:13
0c07e017-a567-4347-a5a4-cf3bcaf7bfa3,moreton.furniture,available,20.9,82.76,medium,low,7,spaceship,,,30/09/2026 12:45
57a012f9-3c93-4ad3-979d-89a56d37189d,clover.furniture,available,27.99,94.99,high,low,6,namesilo,,,24/09/2026 16:06
c2d890bb-d2e0-4537-b26c-5bf7e3831693,realistic.furniture,available,23.98,127.98,high,low,9,namecheap,,,03/09/2026 13:57
a54f183e-10fe-4069-b148-05d335e7490a,dissimilar.furniture,available,23.98,127.98,medium,low,10,namecheap,,,14/08/2026 12:48
8ffdca06-f7ce-481b-977e-32e58fa3138f,alice.furniture,available,27.99,94.99,high,medium,5,namesilo,,,25/09/2026 13:23
195248bf-e659-429b-ae87-6ba580cb2142,establishment.furniture,available,39.99,,high,low,13,name.com,,,
2f8b8f2b-8dc8-45b1-b199-64d72f0e3526,noctuidae.furniture,available,80.2,80.2,medium,low,9,cloudflare,,,30/09/2026 17:16
b5f59333-b878-463f-85f1-96651feea18c,margin.furniture,available,27.99,94.99,high,low,6,namesilo,,,29/09/2026 01:09
ee2ce3cd-38d9-4c1a-a4f3-6ca4efb7c09f,automatically.furniture,available,20.9,82.76,medium,low,13,spaceship,,,28/09/2026 07:07
51fb596b-c1c7-44e5-8003-7e78b24540b4,pharmacist.furniture,available,20.9,82.76,high,low,10,spaceship,,,28/09/2026 21:46
a9617ad2-ea66-4908-9c09-f05c818e9271,passed.furniture,available,39.99,,medium,low,6,name.com,,,
22133c75-b429-44a3-bfea-c7a40c63c8b0,penal.furniture,available,23.98,127.98,medium,low,5,namecheap,,,08/09/2026 13:51
cca3d46d-3693-4c10-a953-5b25ee0f6dde,newark.furniture,premium,66.5,,medium,low,6,unstoppable,,,28/09/2026 19:59
412e5f6a-592a-465e-80fc-424ccc153d93,katabatic.furniture,available,23.98,127.98,medium,low,9,namecheap,,,11/08/2026 20:41
8813914f-6208-4f31-a2f1-4b3af04927c8,opposed.furniture,available,23.98,127.98,high,low,7,namecheap,,,04/09/2026 16:45
be034430-58e4-4ab2-8d08-44597a3dee74,somersault.furniture,available,23.98,127.98,high,low,10,namecheap,,,18/08/2026 08:25
b34cfb67-5d1c-48ce-a539-413041ffaeaa,schoolbook.furniture,available,27.99,94.99,medium,low,11,namesilo,,,19/09/2026 07:03
8c0d131d-829f-461a-8635-55205ece3163,preparations.furniture,available,21.59,85.01,medium,low,12,dynadot,,,29/09/2026 05:22
eed95b00-1903-4a7f-a269-276e158b264f,clearly.furniture,available,26.5,,high,low,7,unstoppable,,,28/09/2026 13:55
be1f0c74-f03f-4733-bc96-603aa93c9c77,holman.furniture,available,27.99,94.99,high,low,6,namesilo,,,28/09/2026 04:15
26db9f80-88b2-4607-820d-10320a2383db,brutal.furniture,available,23.98,127.98,medium,low,6,namecheap,,,08/08/2026 15:45
80a2c1aa-7778-4070-931a-ebc6fe6c4bf6,elias.furniture,available,39.99,,high,low,5,name.com,,,
2c2bb6fe-f31e-41ae-bcb5-35c0826e864e,probe.furniture,available,20.9,82.76,high,low,5,spaceship,,,28/09/2026 10:09
3215820c-a617-432b-908f-0757dbdefafa,scrapped.furniture,available,80.2,80.2,low,low,8,cloudflare,,,30/09/2026 23:46
1de082ad-09e2-46b9-bdac-d13c5666161f,accented.furniture,available,23.98,127.98,medium,low,8,namecheap,,,
1a82ef0d-c463-454c-8a93-b113b63bcddd,gentle.furniture,available,23.98,127.98,high,low,6,namecheap,,,06/08/2026 19:29
e36936fa-730e-44de-9216-6432cd0bf9d3,chilly.furniture,available,23.98,127.98,high,low,6,namecheap,,,12/08/2026 05:30
55e5935e-246c-4bac-8001-45d55b100763,awestruck.furniture,available,23.98,127.98,medium,low,9,namecheap,,,08/08/2026 01:00
61023a44-37f2-434c-acf7-370f87e1be2f,kigali.furniture,available,27.99,94.99,medium,low,6,namesilo,,,24/09/2026 12:21
523ba315-9414-40aa-bf00-aa982a5796b3,unhampered.furniture,available,23.98,127.98,medium,low,10,namecheap,,,12/09/2026 11:51
0df2bb17-3846-4db6-af2a-745e63037004,arizonan.furniture,available,27.99,94.99,medium,low,8,namesilo,,,20/09/2026 06:05
1fddc5fb-bceb-4e49-929c-d79ad686a1bc,strabo.furniture,available,20.9,82.76,medium,low,6,spaceship,,,29/09/2026 15:36
bd103155-4b62-444a-8d12-cb3be069f118,tactual.furniture,available,23.98,127.98,medium,low,7,namecheap,,,21/08/2026 00:04
5c28972b-4a24-43e6-babf-7008c5735752,capsular.furniture,available,23.98,127.98,medium,low,8,namecheap,,,08/09/2026 04:10
f1e74899-9b91-4e37-b948-c3102843fb79,airway.furniture,available,27.99,94.99,high,low,6,namesilo,,,17/09/2026 22:13
a961a41a-544e-48d8-b283-3c0db4f0ed96,blob.furniture,available,26.5,,medium,low,4,unstoppable,,,29/09/2026 02:58
f0e05b09-f271-4398-9a90-ce83d8469b89,ilama.furniture,available,27.99,94.99,medium,low,5,namesilo,,,19/09/2026 10:33
15d051fc-c17a-4cee-84be-0b4829dd045b,acolyte.furniture,available,23.98,127.98,medium,low,7,namecheap,,,17/09/2026 02:00
adcff2f6-62ab-4324-a06f-e7b5348cf770,overside.furniture,available,23.98,127.98,medium,low,8,namecheap,,,15/09/2026 18:29
67619cab-b30e-4591-964b-b0b087295085,balmoral.furniture,available,23.98,127.98,high,low,8,namecheap,,,21/09/2026 23:39
26e39aea-9668-4b85-9629-9abea34517ba,wheat.furniture,available,20.9,82.76,high,low,5,spaceship,,,28/09/2026 06:34
78120ef6-ca02-4b3b-b373-059d0b754a21,reservation.furniture,available,27.99,94.99,high,low,11,namesilo,,,16/09/2026 11:10
6636afda-c8e0-40eb-a644-90240486f43c,unbelievable.furniture,available,27.99,94.99,high,low,12,namesilo,,,28/09/2026 07:08
fb53fe10-0350-43ea-b0f0-ee662050e7a7,abed.furniture,available,23.98,127.98,medium,low,4,namecheap,,,13/09/2026 16:13
b58d3132-7722-4f74-a0ac-7802844159b0,kind.furniture,available,27.99,94.99,high,low,4,namesilo,,,25/09/2026 12:40
d822e99d-34c2-4468-a353-1175f7a0f0cb,slowness.furniture,available,20.9,82.76,medium,low,8,spaceship,,,28/09/2026 23:49
49023af3-25c8-481b-aa79-cb61657b615d,boltzmann.furniture,available,27.99,94.99,medium,low,9,namesilo,,,30/09/2026 08:42
adf6fee0-36fb-4c93-9012-8233d13a2cfc,commotion.furniture,available,23.98,127.98,high,low,9,namecheap,,,24/09/2026 16:36
4e53afae-7e29-4252-a258-f12426d5ae36,lustrous.furniture,available,23.98,127.98,high,low,8,namecheap,,,11/08/2026 11:00
40a93963-5792-4ae7-9ac4-ba000de10e37,manila.furniture,premium,68.51,68.51,high,low,6,spaceship,,,29/09/2026 07:06
a1999dc0-9769-400f-86ec-6f65375d3174,nara.furniture,available,27.99,94.99,medium,low,4,namesilo,,,28/09/2026 06:27
733857c6-8981-4c6a-b946-5739540145ca,utc.furniture,available,20.9,82.76,medium,low,3,spaceship,,,28/09/2026 09:27
fea20496-7f94-4d7b-a4cf-e3350560b5a6,brazos.furniture,available,21.11,82.9,medium,low,6,porkbun,,,29/09/2026 18:04
c9190b3b-0da6-42ec-b729-475e85b647ba,acerbity.furniture,available,27.99,94.99,medium,low,8,namesilo,,,16/09/2026 23:41
8a15f239-dcf3-4565-b75b-55a81783741d,cramped.furniture,available,23.98,127.98,medium,low,7,namecheap,,,13/08/2026 04:47
186731fd-fec8-4df8-bfc4-77a11b5602b2,angina.furniture,available,27.99,94.99,medium,low,6,namesilo,,,19/09/2026 06:08
dea50b83-7ba1-4250-8641-17a4c55789f4,bishopric.furniture,available,27.99,94.99,medium,low,9,namesilo,,,23/09/2026 21:59
e52c5635-6712-479c-9a04-554b1f22281a,report.furniture,premium,99.5,118.8,high,low,6,unstoppable,,,30/09/2026 05:37
2c3481ae-c466-4bab-8cd4-e69b479c8a59,barney.furniture,available,23.98,127.98,high,low,6,namecheap,,,29/09/2026 21:21
255ccbd8-94b9-4ac8-bdad-f1dd8d50c365,ardeidae.furniture,available,23.98,127.98,medium,low,8,namecheap,,,20/09/2026 03:06
b33123c3-834e-4a84-bd89-b0e6017e617f,kano.furniture,available,80.2,80.2,high,low,4,cloudflare,,,29/09/2026 09:07
c6856373-44f5-4e2a-9683-1df156c87b41,vitrified.furniture,available,23.98,127.98,medium,low,9,namecheap,,,13/09/2026 06:20
428c2751-0d0b-468c-b9e1-b1cacdad6336,saintly.furniture,available,23.98,127.98,high,low,7,namecheap,,,
192e5f34-662f-41e0-ae65-c7848d704a3b,buzzer.furniture,available,27.99,94.99,high,low,6,namesilo,,,30/09/2026 16:33
937c993a-04ea-4b20-a13f-8cf81453c512,alprazolam.furniture,available,27.99,94.99,medium,low,10,namesilo,,,18/09/2026 14:08
a5cb44c2-c446-4bb0-bb03-d99840c3ebc2,marking.furniture,available,21.59,85.01,high,low,7,dynadot,,,29/09/2026 07:33
461680f2-7793-4dd5-b455-90c714e256ad,differed.furniture,available,27.99,94.99,medium,low,8,namesilo,,,20/09/2026 05:03
1e421e7e-c285-4d03-a59e-1d8ca5794d7e,busily.furniture,available,23.98,127.98,medium,low,6,namecheap,,,14/09/2026 01:53
3218fa2a-e6da-4898-8621-8dabcbde0719,stretcher.furniture,available,27.99,94.99,high,low,9,namesilo,,,30/09/2026 16:46
01985980-9ff9-42fd-b8f1-74ec1d646053,costing.furniture,available,23.98,127.98,high,low,7,namecheap,,,29/09/2026 18:29
b9d29c47-e9f3-4779-9ee3-f27265c706d8,hides.furniture,available,27.99,94.99,medium,low,5,namesilo,,,18/09/2026 23:59
50ae6ec1-7908-45d0-84f6-0e5e738f9643,yield.furniture,available,27.99,94.99,high,low,5,namesilo,,,30/09/2026 07:29
5442a2cc-382a-4c7e-a8a7-31046061ed55,emotionally.furniture,available,20.9,82.76,high,low,11,spaceship,,,27/09/2026 17:53
ee7fc944-6923-4d3c-aa8e-aa2e2588f715,platte.furniture,available,27.99,94.99,high,low,6,namesilo,,,28/09/2026 02:56
39707b1c-fcf0-44d2-92b3-bac5646901cf,ursula.furniture,available,80.2,80.2,medium,low,6,cloudflare,,,28/09/2026 03:44
723e3993-3706-4922-a7e9-ac3c14719b7e,someways.furniture,available,23.98,127.98,medium,low,8,namecheap,,,15/09/2026 06:48
15acf6b1-28e9-4584-b1b0-9d1398742274,slimly.furniture,available,23.98,127.98,medium,low,6,namecheap,,,16/09/2026 02:34
7976107b-883f-47d0-a440-bf78b04db72a,designed.furniture,available,27.99,94.99,high,low,8,namesilo,,,24/09/2026 06:34
ad5a1d28-c6cf-4d72-a5d9-f8ebed6a879a,burns.furniture,available,23.98,127.98,medium,low,5,namecheap,,,25/09/2026 03:46
ab2ba733-88d6-4291-acd9-9bad35c90619,bedclothes.furniture,available,23.98,127.98,high,low,10,namecheap,,,22/09/2026 22:48
4ad0166b-c22b-404d-9795-94a14690b6c2,mixologist.furniture,available,27.99,94.99,medium,low,10,namesilo,,,22/09/2026 06:27
279d8017-cc3f-478c-a7d0-16a7f8de9298,frustrated.furniture,available,23.98,127.98,medium,low,10,namecheap,,,24/09/2026 10:57
f13d055c-8db5-46ea-a8e2-7fa5c42dd25b,flavors.furniture,available,21.59,85.01,medium,low,7,dynadot,,,30/09/2026 15:58
f26e94a5-9b0c-48e5-aae0-ab250515b4d9,autopsy.furniture,available,27.99,94.99,high,low,7,namesilo,,,21/09/2026 07:38
5c695bc0-0aff-41d7-8676-5a1185af9a10,exercises.furniture,available,26.5,,medium,low,9,unstoppable,,,28/09/2026 17:18
b2f425c4-30cb-4737-aca4-7d00fb1d67db,bitten.furniture,available,20.9,82.76,low,low,6,spaceship,,,29/09/2026 10:18
8fd63e92-c68b-4f2f-b56a-8ba165e01868,erasable.furniture,available,23.98,127.98,medium,low,8,namecheap,,,15/08/2026 14:16
dbf2e921-a245-45ab-95c8-5e498b721337,slant.furniture,available,23.98,127.98,high,low,5,namecheap,,,22/08/2026 22:07
3e34a0c7-f3f4-45fe-9766-8395c61d4bc0,sib.furniture,available,23.98,127.98,medium,low,3,namecheap,,,12/08/2026 15:48
421cda5f-802e-48a4-a695-7b737fe3f1c8,warwick.furniture,available,27.99,94.99,high,low,7,namesilo,,,25/09/2026 05:09
8682a3a6-5ed8-425e-b78d-cec9d6ae791e,hydrophobic.furniture,available,27.99,94.99,medium,low,11,namesilo,,,29/09/2026 08:39
d373a531-de5b-470d-85d7-971617dedf4d,melodic.furniture,available,23.98,127.98,high,low,7,namecheap,,,24/08/2026 19:41
ffc0b21e-33d1-429d-b1fe-c81bb6b0e393,responds.furniture,available,27.99,94.99,medium,low,8,namesilo,,,20/09/2026 08:24
70e33cb9-8c5b-45a3-8ea9-0815abbb8c6c,ferguson.furniture,available,23.98,127.98,high,low,8,namecheap,,,25/09/2026 17:55
acfe8520-62da-461b-9128-683baff490e8,background.furniture,available,26.5,,high,low,10,unstoppable,,,29/09/2026 00:20
c98d9bbd-48cd-41d6-bbd0-496214eb866e,dreamy.furniture,available,23.98,127.98,high,low,6,namecheap,,,14/08/2026 18:48
c45418f1-e7b0-44fd-915a-8a3dc9b511cb,pcm.furniture,available,23.98,127.98,high,low,3,namecheap,,,30/09/2026 19:38
4858dd04-cc64-402d-86c2-a3fc1dff0b67,abner.furniture,available,20.9,82.76,medium,low,5,spaceship,,,30/09/2026 06:13
54bb1177-ff3d-4ed5-b97d-e175010bb3f8,magnetised.furniture,available,23.98,127.98,medium,low,10,namecheap,,,24/08/2026 13:06
93f5c24f-61ca-42fa-b43d-8c67f984c7e5,alkyd.furniture,available,23.98,127.98,medium,low,5,namecheap,,,18/09/2026 08:33
af5230f9-8c23-464f-b17b-e9149809b1ba,bilges.furniture,available,27.99,94.99,medium,low,6,namesilo,,,23/09/2026 15:54
5281292e-3b7d-4fb1-9bad-24ffc8043134,sensitivity.furniture,available,23.98,127.98,high,low,11,namecheap,,,28/09/2026 12:30
a200ef2f-bcfd-4063-8539-aa80a0ccea40,amputee.furniture,available,27.99,94.99,medium,low,7,namesilo,,,18/09/2026 23:54
66e62ed4-2cb9-470a-b586-c31b21158f10,taxation.furniture,available,26.5,,high,low,8,unstoppable,,,30/09/2026 10:13
52a45435-e001-44d7-9df4-8f0c124d7934,assassins.furniture,available,26.5,,low,low,9,unstoppable,,,30/09/2026 07:00
bba42e22-e50e-4ff7-b328-1a8447f16363,repeatable.furniture,available,23.98,127.98,medium,low,10,namecheap,,,09/09/2026 09:08
9c288abc-d48e-4076-9823-559e76d1b5b2,cruciate.furniture,available,23.98,127.98,medium,low,8,namecheap,,,13/08/2026 08:40
36d15b6a-f55e-4e0b-ba73-c8b0246f4371,giles.furniture,available,27.99,94.99,medium,low,5,namesilo,,,30/09/2026 04:47
cc68cfc8-52e9-401e-a3b3-c393eb869694,ceric.furniture,available,23.98,127.98,medium,low,5,namecheap,,,12/08/2026 00:39
c39be1d1-9077-473d-bf86-47d88799116a,regulatory.furniture,available,23.98,127.98,high,low,10,namecheap,,,09/09/2026 13:17
5b12ab50-4b1c-4f50-8b68-8a437104a109,practise.furniture,available,27.99,94.99,high,low,8,namesilo,,,29/09/2026 01:53
fb040eb2-d8ff-4488-9d56-3520b10d22ed,outing.furniture,available,21.59,85.01,high,low,6,dynadot,,,29/09/2026 18:23
d0f436d1-e372-458a-ac6c-d90dff730fc6,schedules.furniture,available,80.2,80.2,medium,low,9,cloudflare,,,29/09/2026 05:57
f44040a0-c88d-4026-b374-887001454178,beshrew.furniture,available,39.99,151.99,medium,low,7,name.com,,,13/08/2026 16:19
7696f2f5-4128-4732-8ad4-e776fb5fecc8,stance.furniture,available,80.2,80.2,high,low,6,cloudflare,,,28/09/2026 20:34
4ab9497f-bc23-4def-a4ea-a28ad260dc47,prolific.furniture,available,27.99,94.99,high,low,8,namesilo,,,27/09/2026 07:21
6c808b2b-a9be-401c-aa4a-95732f9579f2,angell.furniture,available,20.9,82.76,high,low,6,spaceship,,,29/09/2026 21:36
7e58e96c-3712-45af-a176-f067d6a6c78b,fop.furniture,available,39.99,151.99,high,low,3,name.com,,,13/08/2026 17:09
2badf12f-47bd-494c-b920-5c4b1405d30d,havre.furniture,available,27.99,94.99,medium,low,5,namesilo,,,28/09/2026 03:56
964ee8df-28da-46fa-b97d-e9b3970f77ed,elisabeth.furniture,available,23.98,127.98,high,low,9,namecheap,,,25/09/2026 14:58
47b39887-973c-4ce9-bf0e-d76f3b9cfe59,nationality.furniture,available,21.59,85.01,high,low,11,dynadot,,,29/09/2026 14:17
46630cfa-6678-4cfd-aeaa-b315f9823e48,navarino.furniture,available,23.98,127.98,medium,low,8,namecheap,,,22/09/2026 15:32
69cc3b6e-5299-4063-a9a0-5a312c8f6241,expiration.furniture,available,21.59,85.01,high,low,10,dynadot,,,29/09/2026 18:05
9361df7b-4801-4a76-8f83-0f5592c39905,heatless.furniture,available,23.98,127.98,medium,low,8,namecheap,,,21/08/2026 02:27
7ac9ff13-144e-4952-8d16-4d32f7a9dba6,ibn.furniture,available,23.98,127.98,medium,low,3,namecheap,,,25/09/2026 21:32
03d59d3d-7d36-4561-aa76-eff35c1396d8,immobile.furniture,available,23.98,127.98,medium,low,8,namecheap,,,21/08/2026 21:05
76cb003d-c50e-42b8-96db-f0fd64be3c57,bea.furniture,available,20.9,82.76,high,low,3,spaceship,,,28/09/2026 07:37
77937b1d-a208-4956-b2b4-9b13c291deaa,involuntary.furniture,available,26.5,,medium,low,11,unstoppable,,,30/09/2026 11:32
86091817-2a7f-45c0-8043-4c156ca87639,ingenuous.furniture,available,23.98,127.98,medium,low,9,namecheap,,,06/08/2026 23:41
ad7db657-e26b-4f2c-b80d-00758ecc68f4,beech.furniture,available,23.98,127.98,high,low,5,namecheap,,,23/09/2026 00:02
8244345c-e534-4984-a67f-684bd16cca19,methodical.furniture,available,23.98,127.98,high,low,10,namecheap,,,24/08/2026 21:56
c4acedf6-2054-4484-9065-887195dd0a4f,attack.furniture,available,21.11,82.9,high,low,6,porkbun,,,28/09/2026 08:45
ed109f1c-655b-4354-b6c0-688b0d3fad25,corporeal.furniture,available,23.98,127.98,medium,low,9,namecheap,,,13/08/2026 01:54
41ae7973-694e-4332-8811-98941e861741,notice.furniture,available,23.98,127.98,high,low,6,namecheap,,,24/09/2026 16:29
0a74dc3a-a810-4a79-a0d5-b6ab228e7139,cactus.furniture,available,27.99,94.99,high,low,6,namesilo,,,24/09/2026 11:36
3f8134f0-2a25-4536-897a-3581abeae655,movements.furniture,available,80.2,80.2,low,low,9,cloudflare,,,28/09/2026 12:36
b6b0ce04-f885-4b54-9791-137c22351f36,flawless.furniture,available,23.98,127.98,high,low,8,namecheap,,,18/08/2026 07:19
cdf5bb86-1785-4842-ad57-21fb61029783,recent.furniture,available,27.99,94.99,high,low,6,namesilo,,,27/09/2026 10:49
d20c1328-0689-4649-8cac-f07285315ea0,gail.furniture,available,39.99,,high,low,4,name.com,,,
ebe42603-c5d9-4cfc-a78c-96f25a067812,decolour.furniture,available,27.99,94.99,medium,low,8,namesilo,,,24/09/2026 05:11
912b688f-e0d3-4a26-a56d-efe71310e2e5,skyscraper.furniture,available,27.99,94.99,high,low,10,namesilo,,,30/09/2026 11:02
936149b3-27f4-4076-84b6-e04851815028,provide.furniture,available,27.99,94.99,high,low,7,namesilo,,,30/09/2026 07:04
f1fbb06e-483c-462d-950c-a41dc9560474,garnering.furniture,available,21.59,85.01,high,low,9,dynadot,,,30/09/2026 11:55
0ebc217b-5d4a-4739-be27-8109d9392865,accurately.furniture,available,26.5,,high,low,10,unstoppable,,,28/09/2026 11:42
b77fc0bd-8d6c-4a6d-98a6-b41307c67172,afghani.furniture,available,23.98,127.98,medium,low,7,namecheap,,,
a89fe2ed-a11d-421e-9664-32e0d6daf110,spattered.furniture,available,39.99,151.99,medium,low,9,name.com,,,13/08/2026 15:15
32e452b7-a4ab-4c29-a0b0-b91a7a7c8c5d,soddy.furniture,available,23.98,127.98,medium,low,5,namecheap,,,17/09/2026 09:26
4c91c95f-bc1c-40ab-8c83-b88c5d66f605,others.furniture,available,27.99,94.99,high,low,6,namesilo,,,25/09/2026 16:48
94c817a1-7b5c-4886-ab0d-1fabe837a183,balboa.furniture,available,23.98,127.98,medium,low,6,namecheap,,,21/09/2026 21:24
8875bc39-c9f5-41f1-b100-e2f11efb4ac3,typewriters.furniture,available,27.99,94.99,medium,low,11,namesilo,,,21/09/2026 07:13
142bf6dd-a24c-4160-a97f-fb36ee6d485d,astrology.furniture,available,23.98,127.98,high,low,9,namecheap,,,20/09/2026 17:48
030a40a8-b9bf-4b88-ae36-708f1048c1eb,haywire.furniture,available,23.98,127.98,medium,low,7,namecheap,,,
02d7f65e-3d15-403f-997c-bed640c966c6,catalytic.furniture,available,23.98,127.98,high,low,9,namecheap,,,11/08/2026 20:58
cdb54fea-0d65-4537-94a5-183195c04624,gabby.furniture,available,23.98,127.98,high,low,5,namecheap,,,12/08/2026 03:18
dee987bb-0b73-4f19-a818-6e4010ca2da5,save.furniture,premium,108.9,108.9,high,low,4,dynadot,,,28/09/2026 00:11
dc861ade-6152-4226-91fc-dae9aa724d1a,indian.furniture,premium,242,242,high,low,6,namesilo,,,22/09/2026 04:13
3e612571-7470-4a93-9d45-05bdfafce7ca,foote.furniture,available,26.5,,medium,low,5,unstoppable,,,28/09/2026 08:03
94c4986f-c546-4363-b52b-fd9f095668f4,bremen.furniture,available,23.98,127.98,high,low,6,namecheap,,,25/09/2026 21:59
92206a44-27c8-434f-b49a-5b61f75d457f,audit.furniture,available,27.99,94.99,high,low,5,namesilo,,,21/09/2026 03:05
d7ad49c9-d0a5-4746-b554-a2afeb1ce50c,inharmonic.furniture,available,23.98,127.98,low,low,10,namecheap,,,14/08/2026 10:54
c60a5367-4902-40ea-b85d-b641a4c4e572,uaw.furniture,available,21.59,85.01,medium,low,3,dynadot,,,29/09/2026 21:51
1b2c8b11-ad6f-42b5-94ad-03c2534d21b5,lose.furniture,available,27.99,94.99,medium,low,4,namesilo,,,30/09/2026 04:42
5dbd5b52-1cf7-4a2f-9f15-819d678cf4b7,quavering.furniture,available,23.98,127.98,medium,low,9,namecheap,,,09/09/2026 07:44
09dbc2c9-0f76-4bca-987e-e7f777d5071e,earthquakes.furniture,available,23.98,127.98,medium,low,11,namecheap,,,29/09/2026 23:17
ac858356-d3e3-42de-934b-53450f87cb76,encouraged.furniture,available,27.99,94.99,high,low,10,namesilo,,,23/09/2026 10:08
307687ba-3cd3-4d85-9979-c06e526672c1,villagers.furniture,available,27.99,94.99,medium,low,9,namesilo,,,29/09/2026 05:33
205945a5-e1bc-4a93-9854-b13b53a63b03,gentlemen.furniture,available,27.99,94.99,high,low,9,namesilo,,,25/09/2026 17:34
c3f4ee83-9453-456b-b74f-6de1a7c8cbf5,coloured.furniture,available,23.98,127.98,high,low,8,namecheap,,,22/09/2026 20:29
ed03cf16-72c5-4d9a-a201-9d37f46efad9,monistic.furniture,available,23.98,127.98,medium,low,8,namecheap,,,25/08/2026 04:51
5f3052af-b76d-414a-b4d3-daba788e18fa,rural.furniture,available,23.98,127.98,high,low,5,namecheap,,,08/09/2026 07:52
5b520021-19b9-4983-b96f-475cf9223e93,superiors.furniture,available,21.11,82.9,medium,low,9,porkbun,,,29/09/2026 05:50
3c2f1496-ceb7-4d12-aef8-3d7cb339886b,inaccurate.furniture,available,23.98,127.98,medium,low,10,namecheap,,,22/08/2026 00:09
7ea5a0b5-5f4c-4376-a2ea-fb6fa22943b8,demanding.furniture,available,23.98,127.98,medium,low,9,namecheap,,,14/08/2026 01:06
4aee68ba-f6f5-4987-8f32-e9542692fee1,arng.furniture,available,27.99,94.99,medium,low,4,namesilo,,,20/09/2026 08:02
89900631-1670-4a24-8698-b358a2abed7f,phlegmatic.furniture,available,23.98,127.98,medium,low,10,namecheap,,,08/09/2026 18:53
845f304b-3efc-4815-a188-1b08c623a678,axe.furniture,available,20.9,82.76,high,low,3,spaceship,,,28/09/2026 23:50
456bbe73-c30b-4dde-8361-db5624e8340a,fished.furniture,available,27.99,94.99,medium,low,6,namesilo,,,01/10/2026 00:50
c18042e6-eed4-4968-8c09-89ccbdf9919e,crooner.furniture,available,23.98,127.98,medium,low,7,namecheap,,,21/09/2026 22:42
3c439428-bff1-4e1f-a80b-d77f079284e4,baptistry.furniture,available,27.99,94.99,medium,low,9,namesilo,,,22/09/2026 03:28
b246d6cf-1175-45ca-b030-bb246fef3786,chap.furniture,available,27.99,94.99,medium,low,4,namesilo,,,24/09/2026 06:13
a1ac7be9-9e9d-4568-bb36-89cbd14180b5,vulture.furniture,available,80.2,80.2,high,low,7,cloudflare,,,30/09/2026 02:14
811f24e0-a737-474a-a72e-3ea54460d0b7,nifty.furniture,available,23.98,127.98,high,low,5,namecheap,,,08/08/2026 12:38
564dc7e3-80e5-4007-a9c9-77eb41211b39,semester.furniture,available,26.5,,high,low,8,unstoppable,,,28/09/2026 06:43
6a0380f2-4a07-4d88-9964-71e4091cb746,biochip.furniture,available,23.98,127.98,high,low,7,namecheap,,,23/09/2026 17:46
f56abdee-479d-44e8-8e42-baef927c561c,decelerate.furniture,available,23.98,127.98,medium,low,10,namecheap,,,10/09/2026 11:21
0cb1f6dc-66ff-42e7-9bdb-ba2c43b2e7d3,undying.furniture,available,39.99,151.99,high,low,7,name.com,,,13/08/2026 20:04
b4b96c92-e4b8-4bb0-b162-40054b5597cb,piecemeal.furniture,available,23.98,127.98,high,low,9,namecheap,,,10/08/2026 07:07
c85b8df9-db27-403b-afb1-868757c5b36f,gip.furniture,available,23.98,127.98,medium,low,3,namecheap,,,14/09/2026 08:07
b4070801-e3fc-4f6a-a085-db9b13a83ace,baseplate.furniture,available,39.99,,medium,low,10,name.com,,,
736458eb-467b-462c-bde7-e7cd07ea199f,antiracist.furniture,available,39.99,,high,low,11,name.com,,,
cdce25ac-623b-40e6-a7fd-0ce402d8c8af,clipped.furniture,available,23.98,127.98,high,low,7,namecheap,,,12/08/2026 11:16
4337f634-170c-4f5f-bdf4-087fd9fdba74,macro.furniture,available,27.99,94.99,high,low,5,namesilo,,,25/09/2026 15:59
ca906912-f58e-4bb5-a9af-a8228e09c396,peruvian.furniture,available,23.98,127.98,high,low,8,namecheap,,,08/09/2026 18:07
8fd138a8-febd-4324-9684-fd15b5ae1101,oral.furniture,available,23.98,127.98,high,low,4,namecheap,,,04/09/2026 17:14
dcde6539-a2ee-4856-90a1-00553c05eb28,atenolol.furniture,available,23.98,127.98,medium,low,8,namecheap,,,20/09/2026 20:09
ab4b3e4e-ebf9-4f12-ba27-ded4bf86428d,anglophobe.furniture,available,27.99,94.99,medium,low,10,namesilo,,,19/09/2026 06:55
4dbbbdcb-f9a8-4890-b666-a85d40c48476,unweaned.furniture,available,23.98,127.98,low,low,8,namecheap,,,12/09/2026 22:29
a8cd77a8-ba34-44f5-844f-9341c3385db0,preserved.furniture,available,27.99,94.99,high,low,9,namesilo,,,27/09/2026 05:50
e0aefe13-ebbb-4971-92a6-f9fe0e1a320c,anomy.furniture,available,27.99,94.99,medium,low,5,namesilo,,,19/09/2026 11:32
75ef931b-7b4d-401a-b17a-cbe894c3254a,darkness.furniture,available,39.99,151.99,high,low,8,name.com,,,13/08/2026 17:53
47ae5918-ba10-4919-a333-1f8eab7287ae,flukey.furniture,available,23.98,127.98,medium,low,6,namecheap,,,18/08/2026 09:20
998ba61e-8e9d-46d5-a7ab-3e8fd82021f9,cookies.furniture,available,21.59,85.01,high,low,7,dynadot,,,27/09/2026 23:29
62d5f313-0a1e-490a-a15f-a163dfe11148,distinct.furniture,available,23.98,127.98,high,low,8,namecheap,,,12/08/2026 10:31
d390cdb9-74f7-477c-9623-fc9b96f8f869,podgy.furniture,available,23.98,127.98,low,low,5,namecheap,,,08/09/2026 22:22
b73e483a-e112-489e-86e3-7632fef20dd4,magnate.furniture,available,27.99,94.99,high,low,7,namesilo,,,23/09/2026 14:16
0296a4d9-9450-44dd-bf96-d1870cc6ee0b,algae.furniture,available,27.99,94.99,high,low,5,namesilo,,,18/09/2026 06:48
a9bc7f0c-34a2-4bbb-9ee9-6d6203756874,berlioz.furniture,available,27.99,94.99,medium,low,7,namesilo,,,23/09/2026 09:39
1fa6ff1d-cef8-4746-95c3-4a153ef78e9d,ccc.furniture,available,23.98,127.98,high,medium,3,namecheap,,,
501d3399-519a-45c1-ad51-b628565c6119,thayer.furniture,available,21.59,85.01,medium,low,6,dynadot,,,28/09/2026 08:07
bdd9b305-13ab-4026-834f-6fceea5dbf8b,sacrifices.furniture,available,80.2,80.2,low,low,10,cloudflare,,,28/09/2026 17:47
5b90451f-9e35-474c-a6a9-eb6ccfda83e2,patrons.furniture,available,26.5,,medium,low,7,unstoppable,,,30/09/2026 14:47
15cc83cd-4ddf-4cc5-af79-d1e633c53cf0,angus.furniture,available,27.99,94.99,high,low,5,namesilo,,,16/09/2026 15:11
99d925a7-c942-4ec2-8393-bc2f0e30048f,ineffective.furniture,available,23.98,127.98,medium,low,11,namecheap,,,30/09/2026 12:11
bf42ea02-c3df-4c62-9aea-67f447c143f4,flexing.furniture,available,39.99,,high,low,7,name.com,,,
42144752-5473-4873-9e5a-82f31789f5ef,irina.furniture,available,27.99,94.99,high,low,5,namesilo,,,29/09/2026 15:31
608a408c-334d-45bc-8ad0-5d76f1b9d03f,divinity.furniture,available,23.98,127.98,high,low,8,namecheap,,,24/09/2026 21:26
92efeda3-14b6-4315-8ca9-37d6faa0b82b,wavelike.furniture,available,23.98,127.98,medium,low,8,namecheap,,,13/08/2026 06:56
03a9cdd7-e03e-43e3-9dcd-ae8947a5ae52,farmland.furniture,available,27.99,94.99,high,low,8,namesilo,,,01/10/2026 01:39
ad0705af-caeb-4f5a-8154-c86522879131,naturalism.furniture,available,80.2,80.2,high,low,10,cloudflare,,,29/09/2026 13:32
91930598-813b-485d-b904-7a0762c63430,coup.furniture,available,23.98,127.98,high,low,4,namecheap,,,29/09/2026 18:30
c8c1f74c-c9ac-47b7-9723-562979159dd5,trujillo.furniture,available,27.99,94.99,medium,low,8,namesilo,,,28/09/2026 16:38
f689afdc-50ba-4c68-bc04-48201489466f,weapons.furniture,available,23.98,127.98,medium,low,7,namecheap,,,25/09/2026 17:10
447a704b-021b-4f8f-9aae-bba3b4458ef7,longing.furniture,available,20.9,82.76,medium,low,7,spaceship,,,28/09/2026 19:43
3234528d-c0fa-4e44-9b64-f3306b209bfe,diagonal.furniture,available,23.98,127.98,medium,low,8,namecheap,,,07/08/2026 04:07
df610294-b6b4-459b-8354-a99753e9af17,prickly.furniture,available,23.98,127.98,medium,low,7,namecheap,,,08/08/2026 17:34
8d6ff9d5-c176-4ca4-8c59-3353a02fb247,brick.furniture,available,23.98,127.98,high,low,5,namecheap,,,27/09/2026 11:59
bd438814-1d38-48f0-a6c1-666e0724cbcb,seniors.furniture,available,26.5,,medium,low,7,unstoppable,,,29/09/2026 05:13
b01d9572-23fb-4c2b-91bb-88c0ba1fd7ef,mahoe.furniture,available,27.99,94.99,medium,low,5,namesilo,,,21/09/2026 21:57
960acaf9-fd27-463d-b4d7-a7de423c8628,choc.furniture,available,23.98,127.98,high,low,4,namecheap,,,29/09/2026 08:48
a6126b4a-a21d-4ac2-ae37-f9676ecdf875,unlawful.furniture,available,23.98,127.98,medium,low,8,namecheap,,,21/08/2026 19:54
f7b10308-b0df-4434-90a2-fe68930ed5c3,sesotho.furniture,available,27.99,94.99,medium,low,7,namesilo,,,22/09/2026 13:00
4bd48880-ced6-46b5-94d4-2b7b823ffc7f,whirlwind.furniture,available,80.2,80.2,high,low,9,cloudflare,,,30/09/2026 19:05
444fcf8c-b458-4438-a87f-8cb25287e4aa,pressing.furniture,available,27.99,94.99,high,low,8,namesilo,,,27/09/2026 05:26
fe6e47ba-a2b7-4821-bc88-6df10abcfd09,screen.furniture,available,20.9,82.76,high,low,6,spaceship,,,28/09/2026 08:44
4a6b0e63-499a-4fa0-92ce-baf46d2f9d07,keyserver.furniture,available,39.99,,medium,low,10,name.com,,,
08124d04-f823-45df-8509-3e869a2b8949,kvetch.furniture,available,23.98,127.98,medium,low,6,namecheap,,,08/09/2026 20:36
05c9b080-a1c6-46bf-b136-4006259f54be,peachy.furniture,available,23.98,127.98,high,low,6,namecheap,,,08/08/2026 12:41
19d11463-81ca-44c8-a621-8c1940ef5c88,advisor.furniture,available,27.99,94.99,high,low,7,namesilo,,,29/09/2026 08:01
d538a3d9-b275-49bc-b13a-728d6b291f5d,beloved.furniture,available,23.98,127.98,high,low,7,namecheap,,,09/08/2026 13:47
cf58ab11-89ed-4586-81d7-4f4809edfd09,hoping.furniture,available,27.99,94.99,high,low,6,namesilo,,,25/09/2026 11:50